place_id,Restaurant Name,Website,Address,Phone,blacklist flag
ChIJtWgUBTFz6IgR78Mlb2_UJuk,Stumpknockers Restaurants,,"110 W Main St, Inverness, FL 34450, USA",(352) 726-2212,
ChIJkVBAcABz6IgRtlm1WfLFzr8,La Pergola,http://lapergolainverness.com/,"108 W Main St, Inverness, FL 34450, USA",(352) 503-2332,
ChIJba94mBpz6IgRaBV-7nrBczc,Salty Dogs Steamer and Bar,http://saltydogssteamerandbar.com/,"107 Courthouse Square, Inverness, FL 34450, USA",(352) 419-4673,
ChIJD-L-crQM6IgRzgC0UOAfAK8,Cedar River Seafood,http://cedarriverseafood.com/,"804 US Hwy 41 S, Inverness, FL 34450, USA",(352) 341-2278,
ChIJddnjIkNz6IgR1KvPtttShuM,Oscar Penns Restaurant,http://oscarpenns.com/,"207 N Apopka Ave, Inverness, FL 34450, USA",(352) 419-6354,
ChIJkem66qR06IgRN8BmTIkG-yQ,The Cove Resort and Pub,http://www.thecovepubandgrub.com/,"1242 S Cove Camp Point, Inverness, FL 34450, USA",(352) 344-5894,
ChIJZfXOeQBt6IgROm0YG8BMTQQ,Garden Bar,,"2235 E Gulf to Lake Hwy, Inverness, FL 34453, USA",(352) 344-1752,
ChIJA-aZBjFz6IgRlYzYxB8P-uQ,Coach's Pub & Eatery,http://www.coachspubeatery.com/,"114 W Main St, Inverness, FL 34450, USA",(352) 344-3333,
ChIJMeIytW516IgRYvhcgTGsTow,Fisherman's Restaurant,http://www.fishermansflorida.com/,"12311 E Gulf to Lake Hwy, Inverness, FL 34450, USA",(352) 637-5888,
ChIJ8SZam_Vz6IgReBoQz8DO460,SideBar Tavern,http://www.sidebarcitrus.com/,"203 Courthouse Square, Inverness, FL 34450, USA",(352) 419-7909,
ChIJu9QvYQBz6IgRv3vJsGzDHUc,Joes Family Restaurant,https://joesinverness.com/,"1754 US-41, Inverness, FL 34450, USA",(352) 419-4807,
ChIJW5AgQ5xz6IgRl6niX5RiGaU,Mama's Kuntry Kafe,https://www.facebook.com/profile.php?id=100057435011097&mibextid=LQQJ4d,"104 US Hwy 41 S, Inverness, FL 34452, USA",(352) 341-6262,
ChIJxzj5_TBz6IgRgY0CH5sxoEg,Pine Street Pub,http://www.pinestreetpub.com/,"108 N Pine Ave, Inverness, FL 34450, USA",(352) 341-0100,
ChIJ-70IJwBt6IgReHcoNMlwZaQ,Libby's BBQ,,"2235 E Gulf to Lake Hwy, Inverness, FL 34453, USA",(352) 344-1752,
ChIJR_zl55lz6IgRN4qLmYi1rOA,Breakfast Station,https://www.breakfaststationcentral.com/,"351 E Highland Blvd, Inverness, FL 34452, USA",(352) 419-4049,
ChIJgyfzEjFz6IgRfaS-YHmReis,Twysted Vyne,https://www.twysted-vyne.com/,"103 W Main St, Inverness, FL 34450, USA",(352) 419-4132,
ChIJL_1YdZtz6IgR9TGzUfE0kYc,The Train Station,http://trainstation-inverness.com/,"218 N Apopka Ave, Inverness, FL 34450, USA",(352) 464-3967,
ChIJE-4tRABt6IgRNar38fl_jXE,Pasta Americana,,"2235 E Gulf to Lake Hwy, Inverness, FL 34453, USA",(352) 344-1752,
ChIJs-K3VjBz6IgRmPNWdrrr4rM,Hen House Cafe,https://thehenhousecafe.com/,"206 Tompkins St, Inverness, FL 34450, USA",(352) 419-7942,
ChIJ2XbFhtlz6IgRGh1V6f3h6nI,Chili's Grill & Bar,https://www.chilis.com/locations?utm_source=google&utm_medium=local&utm_campaign=Chilis,"800 W Main St, Inverness, FL 34450, USA",(352) 565-5571,
ChIJa2vpGH8L6IgReERp8K5gIXI,The Diner,,"5490 S Florida Ave, Inverness, FL 34450, USA",(352) 419-7018,
ChIJVwFan65t6IgRadEPO8vBj6Y,Tiki Bar at Citrus Hills,http://www.citrushillsgolfandcountryclub.com/,"505 E Hartford St, Hernando, FL 34442, USA",(352) 746-6855,
ChIJvZbJWwBt6IgRX1_-Sa6XwDs,Tequila Garden Flavors Of Mexico,http://tequilagardenmx.com/,"2605 E Gulf to Lake Hwy, Inverness, FL 34453, USA",(352) 419-5932,
ChIJSbUfHGdz6IgRtM4BFvgy6jQ,Nine State Brewery,http://ninestatebrewery.com/,"200 Tompkins St, Inverness, FL 34450, USA",(352) 419-4067,
ChIJmep5bF5w6IgRmUYWw9FVxB4,Stumpknockers Restaurant,https://zmenu.com/stumpknockers-on-the-river-dunnellon-online-menu/,"13821 SW State Rd 200, Dunnellon, FL 34432, USA",(352) 854-2288,
ChIJRf3uIIVv6IgRt01EcE89gcA,Niko's Neighborhood Bar,https://nikosneighborhoodbar.com/?utm_source=gmb$utm_medium=organic,"5210 N Florida Ave, Hernando, FL 34442, USA",(352) 897-3510,
ChIJ-etxEGIN6IgRripUeci2Jb4,Central Cafe & Bakery,https://www.centralcafebakery.com/,"727 US Hwy 41 S, Inverness, FL 34452, USA",(352) 419-4911,
ChIJAUXbgtFy6IgR4-mOe7BHn8w,Applebee's Grill + Bar,https://restaurants.applebees.com/en-us/fl/inverness/1901-w.-main-street-95018?utm_source=google&utm_medium=organic&utm_campaign=google_my_business&utm_term=95018&utm_content=website,"1901 W Main St, Inverness, FL 34452, USA",(352) 560-0300,
ChIJD6_lwS5z6IgRlZWEbFBMEaY,Sonny's BBQ,https://www.sonnysbbq.com/locations/inverness/?utm_source=gbp&utm_medium=organic&utm_campaign=gbp-listing&utm_content=Inverness,"750 W Main St, Inverness, FL 34450, USA",(352) 341-2686,
ChIJVwplyOhl6IgR5waEurTp9lc,Front Porch Restaurant,https://frontporchrestaurant.shop/,"12039 N Florida Ave, Dunnellon, FL 34434, USA",(352) 489-4708,
ChIJFSnDG89y6IgRUqRkyLuHi-k,Outback Steakhouse,https://locations.outback.com/florida/inverness/2225-highway-44-west?utm_source=gmb&utm_medium=local_search&utm_campaign=website_cta&y_source=1_MTU1MDIwMTMtNzE1LWxvY2F0aW9uLndlYnNpdGU%3D,"2225 Hwy 44 W, Inverness, FL 34453, USA",(352) 637-9292,
ChIJ4-yPsM9y6IgRj2yW8RH2nxU,Ruby Tuesday,https://rubytuesday.com/,"2235 E Gulf to Lake Hwy, Inverness, FL 34453, USA",(352) 344-1752,
ChIJd82M_s0L6IgRWJ1usY67YL8,Pudgee's Eatery and Market,https://pudgeeseatery.com/?utm_source=google,"8435 E Rosko Ct, Floral City, FL 34436, USA",(352) 344-3773,
ChIJOe7JWbBB6IgRwnaEkGHBbYo,Vintage On 5th,https://www.vintageon5th.com/,"114 NE 5th St, Crystal River, FL 34429, USA",(352) 794-0004,
ChIJrU6Q37hy6IgRFXRIY8gEpmo,Philippine Cuisine,https://www.facebook.com/pages/Philippine-Cuisine/244715710201,"3786 E Gulf to Lake Hwy, Inverness, FL 34453, USA",(352) 344-5212,
ChIJvUrArbtz6IgR9xlVuQUaLkg,Culver’s,http://www.culvers.com/restaurants/inverness-fl-main-st/?utm_source=Google&utm_medium=Maps&utm_campaign=Google+Places,"1781 W Main St, Inverness, FL 34450, USA",(352) 419-4018,
ChIJUSP1dydz6IgRAC3IlpBlcN4,Papa J's Diner,https://www.facebook.com/profile.php?id=100087808024334,"2056 Hwy 44 W, Inverness, FL 34453, USA",(352) 341-5169,
ChIJtbITBwML6IgRTYjmWyYGA2w,Sleepy Hollow Fish Camp,https://www.facebook.com/profile.php?id=100063668587496,"10333 E Gobbler Dr, Floral City, FL 34436, USA",(352) 247-2446,
ChIJMcncsFtr6IgRwEozFZ-CwMs,Katch Twenty-Two,http://www.katchtwentytwo.com/,"2924 W Gulf to Lake Hwy, Lecanto, FL 34461, USA",(352) 746-6691,
ChIJxSAyLc5y6IgRhJZP3Otsh-M,Olive Garden Italian Restaurant,https://www.olivegarden.com/locations/fl/inverness/inverness/1854?cmpid=br:og_ag:ie_ch:loc_ca:OGGMB_sn:gmb_gt:inverness-fl-1854_pl:locurl_rd:1698,"2151 E Gulf to Lake Hwy, Inverness, FL 34453, USA",(352) 344-0943,
ChIJFWwfYbQM6IgRwv9Wf6x9AY0,Los Compadres Mexican Grill,http://loscompadresinverness.com/,"724 US Hwy 41 S, Inverness, FL 34450, USA",(352) 765-3097,
ChIJa7UHUMZz6IgRYjRt6uwDeXM,La Pérgola (Italian - Argentinian Ristorante),http://lapergolamenu.com/,"2780 N Florida Ave, Hernando, FL 34442, USA",(352) 503-2242,
ChIJv3uyPo0L6IgRsqktOc1FilM,Robins Country Kitchen,,"6689 S Florida Ave, Floral City, FL 34436, USA",(352) 341-2535,
ChIJCV-fTuVB6IgRFf77GSidPSU,Bayside Kraft Kitchen,https://baysidecr.com/,"224 NW US-19, Crystal River, FL 34428, USA",(352) 228-4319,
ChIJlaxbnYtt6IgRPYjFWE3k2SI,Sauced Hogs,https://www.facebook.com/sauced.hogs,"2408 N Fatima Ave, Hernando, FL 34442, USA",(352) 419-8990,
ChIJUwBcLCBz6IgRy4IOU-pNs6o,Noodle World Restaurant,https://www.facebook.com/profile.php?id=100089133968639,"1546 US-41, Inverness, FL 34450, USA",(352) 419-4426,
ChIJQ3czUDBz6IgRXUZ_Ehkgq70,Cattle Dog Coffee Roasters,http://cattledogcoffeeroasters.net/,"210B Tompkins St, Inverness, FL 34450, USA",(352) 726-7060,
ChIJ7wfRVNFy6IgRNAVDrFgVhvs,Angelotti's Pizza,https://www.angelottispizzamenu.com/,"138 Heights Ave, Inverness, FL 34452, USA",(352) 419-6550,
ChIJC_8KAx5z6IgR0aIiHw2X_pA,Lin Garden II,https://www.lingarden2.com/,"238 US Hwy 41 S, Inverness, FL 34450, USA",(352) 726-5899,
ChIJ8UUfWE0N6IgRpSPkUT49fDQ,Heidi's Souper Salads,,"1111 E Inverness Blvd, Inverness, FL 34452, USA",(352) 419-4033,
ChIJJWsKMA9t6IgRnuCrskxp6Ik,MrBeast Burger,https://www.mrbeastburger.com/?utm_source=Yext&utm_medium=Yext&utm_campaign=1051112486,"2235 E Gulf to Lake Hwy, Inverness, FL 34453, USA",(877) 232-7898,
ChIJeXq_pBI_6IgRXReBbUYIUVc,Wallace's at the Greenhouse,http://www.wallacesgreenhouse.com/,"2420 S Suncoast Blvd, Homosassa, FL 34448, USA",(352) 503-7276,
ChIJxWqkknls6IgRROfiU7QUwlU,World Fusion,http://www.worldfusionsushi.com/,"1988 N Future Terrace, Lecanto, FL 34461, USA",(352) 513-3800,
ChIJA_4i-Bdz6IgRqmS50tirwZY,EBODS,https://iloveebods.com/,"411 N Apopka Ave, Inverness, FL 34451, USA",(352) 201-6264,
ChIJsYM1QsAL6IgRdlG3ILoZPek,Lollygaggers Sports Pub & Grill - FC,http://www.lollygaggersflorida.com/,"8370 S Florida Ave, Floral City, FL 34436, USA",(352) 503-6060,
ChIJmfMGf2YN6IgROi357eGuYDo,Neighborhood Pizza,,"4441 S Pleasant Grove Rd, Inverness, FL 34452, USA",(352) 423-1234,
ChIJgZsbGqRz6IgR_QRxxP_sGR8,Kawa Sushi House,https://www.kawasushihousefl.com/,"109 Courthouse Square, Inverness, FL 34450, USA",(352) 765-3337,
ChIJE_3TO6dB6IgRjI7E4qYkwkQ,Grannie's Country Cookin’ Restaurant,https://www.facebook.com/profile.php?id=61557034783765&mibextid=ZbWKwL,"1712 SE US Hwy 19, Crystal River, FL 34429, USA",(352) 795-8884,
ChIJa0ATUzZz6IgRK47eoNE76OY,Sweet Alps Ice Cream Inverness,https://sweetalpsicecream.com/,"202 Tompkins St, Inverness, FL 34450, USA",(352) 423-1112,
ChIJC5-b9E5B6IgRXYgrO4n8LxU,Cedar River Seafood Crystal River,http://www.cedarriverseafood.com/,"1935 SE US Hwy 19, Crystal River, FL 34429, USA",(352) 794-3379,
ChIJCbjLeXBB6IgRr6R5UKcT0Xk,Waterfront Social,http://www.waterfrontsocialcr.com/,"1610 SE Paradise Cir, Crystal River, FL 34429, USA",(352) 795-3113,
ChIJWanWeQBB6IgRCrXKHdwmRzU,Tipsy Tarpon,https://www.facebook.com/people/Tipsy-Tarpon/61556545312637/,"513 NW 2nd Ave, Crystal River, FL 34428, USA",(352) 795-2468,
ChIJ9RE2a69B6IgRmdCBZk8JiQw,"Cracker's Bar, Grill and Tiki",https://crackersbarandgrill.com/menu,"502 NW 6th St, Crystal River, FL 34428, USA",(352) 795-3999,
ChIJEf2SV3ZB6IgRI0gV4QWVsb8,Bayside Seafood Grille,,"16 NE 5th St Suite B, Crystal River, FL 34429, USA",(352) 794-3898,
ChIJR0vieaRC6IgR8omxFYGJjJs,The Loft Bar & Grill,https://www.facebook.com/The-Loft-Bar-Grill-841967039259136/,"10131 N Citrus Ave, Crystal River, FL 34428, USA",(352) 564-4100,
ChIJTdi9T0JH6IgRIWAUMlvjfWc,Peck's Old Port Cove,http://pecksoldportcove.com/,"139 N Ozello Trail, Crystal River, FL 34429, USA",(352) 795-2806,
ChIJF7aZLwBB6IgR30sOS8n8Nrs,Sketti Shop,,"318 SE 1st Terrace, Crystal River, FL 34429, USA",(352) 651-5107,
ChIJ3zyYSq5B6IgRgZWhoy-1l08,The Crab Plant,https://www.crabplant.com/,"201 NW 5th St, Crystal River, FL 34428, USA",(352) 795-4700,
ChIJHarvaYJE6IgR3nBlCJ9tbrY,Cody's Original Roadhouse - Crystal River,https://www.codysoriginalroadhouse.com/crystalriver,"305 SE US Hwy 19, Crystal River, FL 34429, USA",(352) 795-7223,
ChIJWZlrb3xB6IgRJ-ZoK0FPvUg,Kane's Cattle Co.,https://www.facebook.com/share/1DYb3W35Rk/?mibextid=wwXIfr,"508 N Citrus Ave, Crystal River, FL 34428, USA",(352) 794-6721,
ChIJcU_L5B5B6IgREarmPLrsqmA,The Tiki at Paddletail,https://thetikicr.com/,"614 NW US-19, Crystal River, FL 34428, USA",(352) 228-4532,
ChIJO2N-_lI_6IgR1HCTzvTcXh4,Crump's Landing,http://crumpslanding.com/,"11210 W Halls River Rd, Homosassa, FL 34448, USA",(352) 765-4942,
ChIJXW6mBsNB6IgR3nEj2qoBRfw,The Three Musketeers,https://www.crystalmanatee.com/restaurants.html,"310 N Citrus Ave Entrance on, NW 3rd St, Crystal River, FL 34428, USA",(352) 586-2450,
ChIJcfpYdq1B6IgRLHhod_Zqsds,St. Johns Tavern,https://www.facebook.com/StJohnsTavernCR/,"572 N Citrus Ave, Crystal River, FL 34428, USA",(352) 794-6367,
ChIJMUhi4v8-6IgRrVkmaiRIzVI,Seagrass Waterfront,https://www.seagrassresort.com/,"10386 W Halls River Rd, Homosassa, FL 34448, USA",(352) 503-2007,
ChIJSXTcQ7w46IgRC48Z6MW1VMY,Backwater Fins,http://backwaterfins.net/,"13982 W Ozello Trail, Crystal River, FL 34429, USA",(352) 794-6000,
ChIJd5WTHXpq6IgRb3Jr03tpziU,Dan's Clam Stand,https://www.dansclamstandcr.com/,"2315 N Sunshine Path, Crystal River, FL 34428, USA",(352) 795-9081,
ChIJrVtjT6BB6IgRQ-yCqRNIFNg,Cajun Jimmy's Seafood Seller & Cafe,https://www.seafoodsellerandcafe.net/,"300 SE US Hwy 19, Crystal River, FL 34429, USA",(352) 228-4936,
ChIJ2wRba5RB6IgRCLA6cx9bjrQ,The Salty Scallop Pub,,"2380 US-19, Crystal River, FL 34428, USA",(352) 228-4933,
ChIJA6ALV5tB6IgRxYFOj7wY9hA,BubbaQue's BBQ - Crystal River,http://bubbaquesbbq.com/,"631 N Citrus Ave C, Crystal River, FL 34428, USA",(352) 795-7227,
ChIJ8aekn7ZB6IgRAdNTHybLnrs,Copp Brewery & Winery,http://www.coppbrewery.com/,"7855 W Gulf to Lake Hwy, Crystal River, FL 34429, USA",(352) 228-8103,
ChIJHRpO3XRB6IgR5YtISIJwLZI,The Biscuit Barn,https://www.biscuitbarn.net/,"1960 US-19, Crystal River, FL 34428, USA",(352) 794-3385,
ChIJ525jzD5A6IgRhVlfHoTJZPY,Oysters of Crystal River,,"606 NE US Hwy 19, Crystal River, FL 34429, USA",(352) 795-2633,
ChIJCUHTpy1B6IgRtthMGfer-RE,Shrimp Landing Seafood,https://www.shrimplanding.com/,"12645 W Fort Island Trail, Crystal River, FL 34429, USA",(352) 795-4380,
ChIJJQt_NzNB6IgRI1eVtMan12Q,Kelly's Half Shell Pub,http://www.kellyshalfshell.com/,"390 N Suncoast Blvd, Crystal River, FL 34429, USA",(352) 228-8366,
ChIJj-imMwBB6IgROyIR5rTditY,Ricky's Tacos,https://rickystacosmenu.com/?m=gbp&utm_source=google&utm_medium=organic&utm_campaign=gbp,"630 NE 2nd Ave, Crystal River, FL 34428, USA",(352) 400-6467,
ChIJ9X1cP7BB6IgRK_6MLWOfVic,Amy's On The Avenue,https://www.amysontheave.com/menu,"539 N Citrus Ave, Crystal River, FL 34428, USA",(352) 563-2697,
ChIJe_wV-ehB6IgRGO6LMezuEXQ,Crystal River Smokehouse & Grill,https://crystalriverbbq.com/,"2581 US-19, Crystal River, FL 34428, USA",(352) 228-4159,
ChIJmx3KQzZA6IgRIusOWVKBMMI,La Casa Di Norma,https://lacasadinorma.net/,"1609 SE US Hwy 19, Crystal River, FL 34429, USA",(352) 795-4694,
ChIJgQ05RrBB6IgRwKDnrV9pDtA,Norton's Riverside Sports Bar and Grill,http://www.nortonsriverside.com/,"16 NE 5th St, Crystal River, FL 34429, USA",(352) 794-6105,
ChIJG6stP_Q_6IgRx0AtFNm1uOk,Breakfast Station,https://www.breakfaststationcentral.com/,"1676 SE US Hwy 19, Crystal River, FL 34429, USA",(352) 228-4077,
ChIJqUd_ttRr6IgRBHsABkTKzcs,Los Magueyes Crystal River,https://losmagueyesmexrest.com/losmagueyescrystalriver?utm_source=google,"6875 W Gulf to Lake Hwy, Crystal River, FL 34429, USA",(352) 228-8483,
ChIJPR8YmLVB6IgRYEzUaKKwEWU,Lollygaggers,http://www.lollygaggersflorida.com/,"618 SE US Hwy 19, Crystal River, FL 34429, USA",(352) 794-3888,
ChIJCbN63PE-6IgR6hl7J6N0YZc,Shed,http://www.macraesofhomosassa.com/index.html,"5300 S Cherokee Way, Homosassa, FL 34448, USA",(352) 628-2602,
ChIJ-aFaQ6o_6IgR3cy59LswgCE,Marguerita Grill,https://www.facebook.com/margueritagrillUSA/,"10200 W Halls River Rd, Homosassa, FL 34448, USA",(352) 628-1336,
ChIJr-PtCrBB6IgRQ17w0ygQ8XE,Tea House 650,https://teahouse650.com/,"650 N Citrus Ave, Crystal River, FL 34428, USA",(352) 564-1500,
ChIJGzxUna9B6IgR6I7EHOoLsPw,ANF Gyros and Grill,https://www.eatatanfgyros.com/,"16 NE US Hwy 19, Crystal River, FL 34429, USA",(352) 228-4633,
ChIJw0w2iL046IgRnSVwNNT4gyQ,Island Outpost,,"14231 W Ozello Trail, Crystal River, FL 34429, USA",(352) 795-1880,
ChIJuwLPiyhB6IgRDqcbiGTqmtA,Sadie's Corner Kitchen,https://m.facebook.com/SadiesCornerKitchen/,"353 NE 2nd St, Crystal River, FL 34429, USA",(352) 794-3857,
ChIJD3U5lhdB6IgREA_2CBsqXTo,KC Wine Bistro,https://www.kc-winebistro.com/,"564 N Citrus Ave, Crystal River, FL 34428, USA",(352) 450-0008,
ChIJz_I4LtlD6IgRRxkdLk-YdD4,Castaways Bar & Grill,https://www.facebook.com/Castaways-Bar-and-Grill-145119712200687,"5430 N Suncoast Blvd, Crystal River, FL 34428, USA",(352) 794-3476,
ChIJqVLdeVFB6IgRnceLLuzhR7c,Cappo's Italian Deli,,"911 SE US Hwy 19, Crystal River, FL 34429, USA",(352) 228-4168,
ChIJOUj3ZGRB6IgRzWuwwOEciak,The Meltdown,https://themeltdown.com/?utm_source=G&utm_medium=organic&utm_campaign=DAC,"2380 US-19, Crystal River, FL 34428, USA",(352) 563-1177,
ChIJ2UIAAy9B6IgRbyBmbKdHBcA,Darrell's Diner,,"959 N Suncoast Blvd, Crystal River, FL 34429, USA",(352) 228-8176,
ChIJfVTifL1B6IgRHQW17bazg3A,Coney Island Crystal River,https://www.famousfootlongs.com/,"674 NE 5th St, Crystal River, FL 34429, USA",(352) 228-8125,
ChIJORvNIU9A6IgRIFp2Sl0a6g0,Plantation Resort on Crystal River,https://www.plantationoncrystalriver.com/?utm_medium=organic&utm_source=google&utm_campaign=business-listing,"9301 W Fort Island Trail, Crystal River, FL 34429, USA",(352) 795-4211,
ChIJPxvmAPpq6IgRSo66TMwTbR8,Taverna Manos,http://tavernamanos.com/,"5705 W Gulf to Lake Hwy, Crystal River, FL 34429, USA",(352) 564-0078,
ChIJSXFp6DVA6IgRULAHmAhcT00,Clawdaddy's Bar & Grill,http://clawdaddysbarandgrill.com/,"1601 SE US Hwy 19, Crystal River, FL 34429, USA",(352) 564-0286,
ChIJmTO_MAA56IgROqG-OiGlHMk,The freezer,,"2130 S Waterman Dr, Crystal River, FL 34429, USA",,
ChIJZ5ujm6hB6IgRq1M0jMrgGAw,Beans and Greens Coffee House,http://www.crystalrivercoffeehouse.com/,"1927 US-19, Crystal River, FL 34428, USA",(352) 699-1917,
ChIJ_yoYmLVB6IgRnpkSaKEPXl4,Chili's Grill & Bar,https://www.chilis.com/locations/us/florida/crystal-river/crystal-river?utm_source=google&utm_medium=local&utm_campaign=Chilis,"140 N Suncoast Blvd, Crystal River, FL 34429, USA",(352) 563-2392,
ChIJPUQ3JD5A6IgRbw8p862FDII,Thai Phoon Restaurant,https://www.thaiphooncrystalriver.com/,"238 SE US Hwy 19, Crystal River, FL 34429, USA",(352) 795-1774,
ChIJQRLCaQBB6IgRDOylLaPq3vk,Darrells Diner,,"959 N Suncoast Blvd, Crystal River, FL 34429, USA",(352) 228-8176,
ChIJNTM9-yVr6IgRAUrcPoOFDgg,Texas Roadhouse,https://www.texasroadhouse.com/,"2130 N Lecanto Hwy, Lecanto, FL 34461, USA",(352) 632-2137,
ChIJ1ycD3q5r6IgRMJ76Yu89rbk,Glory Days Grill,https://www.glorydaysgrill.com/,"3148 W Norvell Bryant Hwy, Lecanto, FL 34461, USA",(352) 352-1314,
ChIJw1jmYPVq6IgRTx3JffP5oa8,Mertailor’s Mermaid Aquarium Encounter,https://www.mermaidaquariumencounter.com/,"4100 W Gulf to Lake Hwy, Lecanto, FL 34461, USA",(352) 513-3278,
ChIJ-ROU864V6IgRGJki_k2fKuE,Socos House of Eats,https://www.facebook.com/profile.php?id=100080048476465&mibextid=LQQJ4d,"7364 W Grover Cleveland Blvd, Homosassa, FL 34446, USA",(352) 419-4772,
ChIJ-4K39Xls6IgR8qDEz7afML8,Paige's Root Beer,https://paigesrootbeer.com/?utm_source=google,"2147 W Norvell Bryant Hwy, Lecanto, FL 34461, USA",(352) 746-3351,
ChIJGRXwD3Jt6IgRHgkmwKPbCHY,Papa Willies Bar and Grill,,"4105 N Lecanto Hwy, Beverly Hills, FL 34465, USA",(352) 746-1770,
ChIJx0X8Neht6IgRjM0Ru7tSVpA,Mariana's,https://www.thestinkyrose.com/,"2649 N Forest Ridge Blvd, Pine Ridge, FL 34465, USA",(352) 270-8432,
ChIJQ7cqUgRs6IgRGAh2B8LQC3Y,New England Pastry & Cafe,http://www.newenglandcafe.com/,"3896 N Lecanto Hwy, Beverly Hills, FL 34465, USA",(352) 527-3374,
ChIJCY0Gaqpv6IgRWV96A-as_kk,220 Barbecue - Beverly Hills,https://www.220bbq.com/,"4493 N Lecanto Hwy, Beverly Hills, FL 34465, USA",(352) 513-5665,
ChIJG8YnUxts6IgRy1TBMIqNvmE,Bangkok Thai,https://www.bangkokthai-beverlyhills-fl.com/,"4025 N Lecanto Hwy, Beverly Hills, FL 34465, USA",(352) 746-0443,
ChIJhwtjpAhs6IgR4zISZcU7ONY,Breakfast Station,https://www.breakfaststationcentral.com/,"3593 N Lecanto Hwy, Beverly Hills, FL 34465, USA",(352) 513-3845,
ChIJJ36mGkts6IgR27f6se_BqFE,Angelo's Pizzeria & Ristorante,https://www.angelosnypizza.com/,"2492 N Essex Ave, Hernando, FL 34442, USA",(352) 746-5026,
ChIJ7TkMpv1t6IgRoxiYWuPC3cY,Los Magueyes Beverly Hills,https://losmagueyesmexrest.com/losmagueyesbeverlyhills?utm_source=google,"3887 N Lecanto Hwy, Beverly Hills, FL 34465, USA",(352) 270-9198,
ChIJs_XL7rpB6IgR3wHqbAVwcmM,Gator Cove,,"4076 S Suncoast Blvd, Homosassa, FL 34446, USA",(352) 628-0149,
ChIJz-9pFelr6IgRIW7_JFpCz8A,Culver’s,http://www.culvers.com/restaurants/lecanto-fl-lecanto-hwy/?utm_source=Google&utm_medium=Maps&utm_campaign=Google+Places,"1712 N Lecanto Hwy, Lecanto, FL 34461, USA",(352) 249-7040,
ChIJqbbUEnQ_6IgRfpNdcaqc1DE,Nauti Time Seafood n Wings,https://www.getsauce.com/order/site/nautitime/,"10317 W Yulee Dr, Homosassa, FL 34448, USA",,
ChIJ6yz6jo4V6IgR3lPxIg2yDMc,Two Guys From Italy Restaurant And Sports Lounge,http://www.twoguysfromitalyhomosassa.com/,"5792 S Suncoast Blvd, Homosassa Springs, FL 34446, USA",(352) 628-6955,
ChIJPwelrz1r6IgR__VtUGTN5jw,Firehouse Subs Lecanto Plaza,https://www.firehousesubs.com/,"1866 N Lecanto Hwy, Lecanto, FL 34461, USA",(352) 270-8226,
ChIJMWo3jRJy6IgROa5q4dfbPs8,Burger Station,https://www.facebook.com/profile.php?id=100043352539934,"2700 N Florida Ave, Hernando, FL 34442, USA",(352) 726-0040,
ChIJddcpaddt6IgRH_ioPY6mXmA,Mikang Sushi,https://www.mikangsushi.com/,"2492 N Heritage Oaks Path, Hernando, FL 34442, USA",(352) 513-3588,
ChIJJewxDABr6IgR1hJ-_KGIXKw,Panera Bread,https://www.panerabread.com/en-us/cafe/locations/fl/lecanto/2080-n-lecanto-hwy?utm_medium=local&utm_source=google&utm_campaign=dpm-dist&utm_term=606285&utm_content=main,"2080 N Lecanto Hwy, Lecanto, FL 34461, USA",(352) 995-7053,
ChIJMaaQl8M_6IgRva6_tFstCVs,AJ's Cafe Homosassa,https://myajscafe.com/,"3297 S Suncoast Blvd, Homosassa, FL 34448, USA",(352) 765-4727,
ChIJ_z9e5WFq6IgR1T7zzxvqip8,Rocco's Pizza & Cafe,https://roccoscafe.food/,"6612 W Gulf to Lake Hwy, Crystal River, FL 34429, USA",(352) 563-0442,
ChIJ28ERcIgV6IgRCFRTS_I5XvM,Sugarmill Restaurant,https://sugarmillrestaurant.shop/,"5446 S Suncoast Blvd, Homosassa, FL 34446, USA",(352) 628-0800,
ChIJkf9FW6pB6IgR1A87ha16r_k,La Casita Mexican Restaurant,https://www.facebook.com/LacasitaMR/,"773 NE 5th St, Crystal River, FL 34429, USA",(352) 794-3984,
ChIJj5ephPc-6IgRJsnU-C_hpRo,Old Mill Tavern,,"10465 W Yulee Dr, Homosassa, FL 34448, USA",(352) 628-2669,
ChIJwbbFIVrQf0cRdXlp7cbeRAk,The Roost,https://www.facebook.com/profile.php?id=61558563987422&mibextid=ZbWKwL,"7449 W Grover Cleveland Blvd, Homosassa, FL 34446, USA",(352) 400-2432,
ChIJFfC-Too_6IgRkxJqOvBLPbo,Nature Coast Bar and Grill,https://www.facebook.com/profile.php?id=61552834954970&mibextid=2JQ9oc,"10350 W Yulee Dr, Homosassa, FL 34448, USA",(352) 419-5181,
ChIJIZPrH-w-6IgRN5iLFslzTbM,The Freezer,http://the-freezer-homosassa.com/,"5590 S Boulevard Dr, Homosassa, FL 34448, USA",(352) 628-2452,
ChIJl1BnCJA96IgRyHY7GuZ-qfQ,The Lodge Bar and Grill,http://the-lodge-bar-grill-homosassa.jany.io/,"8501 W Miss Maggie Dr, Homosassa, FL 34448, USA",(352) 382-2427,
ChIJfakd_8gV6IgRdCknF12-vCA,The Barrel Bar & Grille,http://www.thebarrelbarandgrille.com/,"7452 W Grover Cleveland Blvd, Homosassa, FL 34446, USA",(352) 419-5520,
ChIJE7RYGFg_6IgR-wUKkBN4DEk,Jr's Smashburgers,,"10605 W Yulee Dr, Homosassa, FL 34448, USA",(352) 697-5996,
ChIJH2D8fAA_6IgR35METXz3Vcw,El Mezcal Mexican restaurant,https://elmezcalmexicanrest.com/elmezcalmexicanrestauranthomosassa?utm_source=google,"4522 S Suncoast Blvd, Homosassa, FL 34446, USA",(352) 423-1090,
ChIJjVYpCJA96IgRfU8CLD0iStc,The Chassahowitzka River Lodge Bar & Grill,https://chazriverlodges.com/the-lodge-bar-and-grill,"8501 W Miss Maggie Dr, Homosassa, FL 34448, USA",(352) 382-2427,
ChIJi8-Nyh0_6IgR1v6UTPYj_LE,Sweet SassaLicious,,"5380 S Boulevard Dr, Homosassa, FL 34448, USA",(352) 503-2023,
ChIJzXh4VCw-6IgRJlHF2oOpG9k,Grumpy Gators Bar & Grill,https://www.facebook.com/share/1JSowG5HcC/,"4828 S Suncoast Blvd, Homosassa, FL 34446, USA",(352) 503-2064,
ChIJsfC3XIc_6IgRLT1w7eDhqro,Skinny Tortuga,https://www.skinnytortuga.com/,"8696 W Halls River Rd, Homosassa, FL 34448, USA",(813) 460-1993,
ChIJe36EP_0V6IgRA6_5epoj9Zs,Breakfast Station,https://www.breakfaststationcentral.com/,"7781 S Suncoast Blvd, Homosassa, FL 34446, USA",(352) 503-2031,
ChIJu2w9w-8-6IgRxVa2fJwHHWc,Monkey Island Riverside Resort,https://monkeyislandriversideresort.com/,"5297 S Cherokee Way, Homosassa, FL 34448, USA",(352) 628-2474,
ChIJ0UllEgA_6IgRfwaAx1I3Cdg,Moms smoke shack,,"1611 S Suncoast Blvd, Homosassa, FL 34448, USA",,
ChIJy8CWi8U_6IgR9ciUXpg2hAg,Moschello's Pizza,,"3772 S Suncoast Blvd, Homosassa, FL 34448, USA",(352) 628-7704,
ChIJNfL-kfc-6IgRtYxByS4Ni84,The Museum Cafe,http://www.ncfob.com/,"10466 W Yulee Dr, Homosassa, FL 34448, USA",(352) 628-1081,
ChIJf8b5vsM_6IgRiIQdKThJEOs,Stixx Billiards,,"3171 S Stonebrook Dr, Homosassa, FL 34448, USA",(352) 628-0432,
ChIJdUo8xFU-6IgRmYhvvvNSlww,Manatee Campground Marina Pub,,"10175 W Fishbowl Dr, Homosassa, FL 34448, USA",(352) 628-5337,
ChIJhQ5zr6wV6IgRFf3s8b8cYq0,The Place 2B,,"5465 S Oakridge Dr, Homosassa, FL 34448, USA",,
ChIJkxulfkQV6IgRZ32n2kMaKx0,Rocco's Pizza & Cheesesteaks,https://www.roccospizzaandcheesesteaks.com/,"5356 S Suncoast Blvd, Homosassa, FL 34446, USA",(352) 765-2662,
ChIJXYnYCiUV6IgR6dPQHuvetWw,Foster’s Dixie Dogs,,"6360 S Suncoast Blvd, Homosassa Springs, FL 34448, USA",,
ChIJS3MCBO8-6IgRTMcopvYiQxo,Shelly's Seafood & Fish Market,https://www.shellysseafood.com/,"5380 S Boulevard Dr, Homosassa, FL 34448, USA",(352) 503-6882,
ChIJx0-jTI0V6IgR2xfdKeqynsQ,The Dog House 2,https://www.facebook.com/profile.php?id=100069492974634,"6261 S Suncoast Blvd, Homosassa, FL 34446, USA",(352) 419-4116,
ChIJH1u9Gc8_6IgRGdgFBD-QlT8,Kim's Cafe II,https://www.facebook.com/kimscafe2/,"3910 S Suncoast Blvd, Homosassa, FL 34448, USA",(352) 628-3225,
ChIJzReRz8g_6IgR0emkfjO_T6k,Michael Anthony's Pizza,https://michaelanthonyspizza.net/,"3938 S Suncoast Blvd, Homosassa Springs, FL 34446, USA",(352) 628-7827,
ChIJEdjCrjI-6IgR0lmIvURaou8,Luigi's Pizza,https://www.facebook.com/Luigis-Pizza-and-Restaurant-917441091718563/,"4538 S Suncoast Blvd, Homosassa, FL 34446, USA",(352) 628-5544,
ChIJ2_s0fdc_6IgRhclDOP2ZNW8,Twistee Treat Homosassa,http://www.twisteetreat.com/,"3834 S Suncoast Blvd, Homosassa, FL 34448, USA",,
ChIJ987PV4Fp6IgRX0HFv4sfLBw,Auggie's Cafe & Deli,https://auggiescafe.my.canva.site/,"3158 W Pine Ridge Blvd, Beverly Hills, FL 34465, USA",(352) 249-7677,
ChIJ8XFv1ids6IgRzES4nLVvK8k,Twisted Oaks Golf Club,https://twistedoaksgc.com/,"4801 N Forest Ridge Blvd, Beverly Hills, FL 34465, USA",(352) 746-6257,
ChIJl_8EoPe9woAREzDJ91WLLKA,Nua,https://www.nuabeverlyhills.com/,"403 N Crescent Dr, Beverly Hills, CA 90210, USA",(310) 247-0430,
ChIJv_4CN5Fu6IgRk4dbxgQb5VM,Moschello's II,https://www.facebook.com/MoschellospizzaII/,"750 W Hampshire Blvd, Citrus Springs, FL 34434, USA",(352) 746-5000,
ChIJ78EgR3e9woARkRmdvIBG5iY,Beverly Bar - Beverly Hills Restaurant,https://beverlybar.com/,"434 N Camden Dr, Beverly Hills, CA 90210, USA",(310) 464-1532,
ChIJqyLPBvi7woARrbtCldALUl8,Bacari Beverly Hills,https://www.eatwithbacari.com/beverly-hills,"9601 Brighton Way, Beverly Hills, CA 90210, USA",(323) 986-6763,
ChIJI5WCW9q7woAR6K2XLuyiNeA,Dante Beverly Hills,http://www.dantebeverlyhills.com/,"225 N Canon Dr, Beverly Hills, CA 90210, USA",(310) 860-7989,
ChIJ__-_7we8woARyKff5cO8Pk8,The Hideaway Beverly Hills,https://www.thehideawaybeverlyhills.com/,"421 N Rodeo Dr, Beverly Hills, CA 90210, USA",(310) 974-8020,
ChIJfelXrAe8woARVa-leHY8JMg,Jade Beverly Hills 🇯🇵,http://www.jadebeverlyhills.com/,"467 N Canon Dr, Beverly Hills, CA 90210, USA",(310) 888-8042,
ChIJlWZ9iGS9woAR9jIwvlLy9OA,Funke,https://www.funkela.com/,"9388 S Santa Monica Blvd, Beverly Hills, CA 90210, USA",(424) 279-9796,
ChIJAZkQ2sJl6IgRjDcPMQHt2dw,Blue Gator Tiki Bar & Restaurant,http://www.blue-gator.com/,"12189 S Williams St, Dunnellon, FL 34432, USA",(352) 465-1635,
ChIJR5Pz5_i7woARtWdGNLs1PGA,Avra Beverly Hills,http://theavragroup.com/,"233 N Beverly Dr, Beverly Hills, CA 90210, USA",(310) 734-0841,
ChIJS1dM-1dv6IgRjJ4mr95yaCc,Sarah J’s Bistro,,"9576 N Citrus Springs Blvd, Citrus Springs, FL 34434, USA",(352) 897-5155,
ChIJQUWPJAC9woARNEeX7i12AD0,Marea Beverly Hills,https://marearestaurant.com/beverly-hills/?utm_source=GoogleBusinessProfile&organic=Menu&utm_campaign=MapLabs,"430 N Camden Dr, Beverly Hills, CA 90210, USA",(310) 620-8463,
ChIJi_R5HMm9woARv_qBcJatv_0,88 Club,https://www.88clubbh.com/,"9737 S Santa Monica Blvd, Beverly Hills, CA 90210, USA",(310) 968-9955,
ChIJa9aiPk9s6IgR-HJME8bipuY,Cattle Dog Coffee Roasters,http://www.cattledogcoffeeroasters.net/,"2416 N Heritage Oaks Path, Hernando, FL 34442, USA",(352) 249-3166,
ChIJ87DnvAhs6IgReoTN40Ysvmo,New China Chinese Restaurant,https://chansnewchina.com/,"3599 N Lecanto Hwy, Beverly Hills, FL 34465, USA",(352) 746-3233,
ChIJfYDR4vi7woARtY0quVQ13SA,208 Rodeo Restaurant,https://www.208rodeo.com/,"208 N Rodeo Dr, Beverly Hills, CA 90210, USA",(310) 275-2428,
ChIJ08R3OEds6IgROMTrPJ7Jicw,Chan's,https://chanshernando.com/,"2665 N Forest Ridge Blvd, Hernando, FL 34442, USA",(352) 527-9969,
ChIJtwostghs6IgRCMR0keC7kDQ,What's The Scoop? Fast Food Restaurant & Ice Cream Shop,https://whats-the-scoop-2024.square.site/s/order,"3529 N Lecanto Hwy, Beverly Hills, FL 34465, USA",(352) 249-7152,
ChIJnWHdWfi7woAR20yo_FubEI4,The Grill on the Alley,https://thegrillonthealley.com/beverly-hills/,"9560 Dayton Wy, Beverly Hills, CA 90210, USA",(310) 276-0615,
ChIJh1pNY1pp6IgRQx3NODuIGVk,Pizza Pi,http://www.pizza-pi-pizzeria.com/,"3152 W Pine Ridge Blvd, Beverly Hills, FL 34465, USA",(352) 270-8100,
ChIJOwfZH_a7woARA0q8_z_TZWA,La Dolce Vita,http://ladolcevitabeverlyhills.com/,"9785 S Santa Monica Blvd, Beverly Hills, CA 90210, USA",(310) 278-1845,
ChIJmyVqqAe8woARH6iMCyYrWEA,Wally's Beverly Hills,https://www.wallywine.com/locations,"447 N Canon Dr, Beverly Hills, CA 90210, USA",(310) 475-3540,
ChIJX1ObkGxy6IgRSak5UEK9ym0,Sabina's Diner & Ice Cream Shop,,"2400 N Florida Ave, Hernando, FL 34442, USA",(352) 637-1308,
ChIJ5VHaJC9t6IgRZ5DOWJmBSTw,Little Caesars Pizza,https://littlecaesars.com/en-us/store/20431,"3470 N Lecanto Hwy, Beverly Hills, FL 34464, USA",(352) 513-2292,
ChIJZ847aUe9woARGP0m7DtKRmI,La ong Beverly Hills,https://www.laongbh.com/,"9632 S Santa Monica Blvd, Beverly Hills, CA 90210, USA",(424) 343-0003,
ChIJMaDFp6wL6IgRhvVwOTefp7k,Florida Cracker Shamrock's - Irish Tavern,https://flacracker.com/shamrocks,"8343 E Orange Ave, Floral City, FL 34436, USA",(352) 726-6414,
ChIJzyRpS-QN6IgRTrD710VHIQg,The Family Pit,,"8877 S Florida Ave, Floral City, FL 34436, USA",(352) 257-6741,
ChIJhX2aUPEL6IgRBPro8CPiq-E,Shamrock Inn,https://shamrockinn-floralcity.com/,"8343 E Orange Ave, Floral City, FL 34436, USA",(352) 726-6414,
ChIJRwZAPIcI6IgRT_W-YJcFenc,Bree’s Riverside Restaurant,https://www.facebook.com/The-New-Riverside-Restaurant-103910752212541,"29250 Lake Lindsey Rd, Nobleton, FL 34661, USA",(352) 799-2252,
ChIJl2-dhoML6IgRklEjsfRhcUo,Wishing Stone Tavern,,"5975 S Florida Ave, Floral City, FL 34436, USA",(352) 726-2526,
ChIJcxmjIjHn54gRJYtM1ZyQsMI,Big Bass Grill Lakefront Restaurant and Marina,http://bigbassgrill.com/,"965 Co Rd 439, Lake Panasoffkee, FL 33538, USA",(352) 793-8150,
ChIJAd_sScrg54gRBG7QarQY1H4,Catfish Johnny's Restaurant,http://catfishjohnnysrestaurant.com/,"2396 N County Rd 470, Lake Panasoffkee, FL 33538, USA",(352) 793-2083,
ChIJ88JZdh0N6IgRsQNYvkQIQ2E,Tac O'Clock,https://www.facebook.com/p/Tac-OClock-100087816941203/,"8650 S Florida Ave, Floral City, FL 34436, USA",(689) 276-9453,
ChIJA4vmDQAL6IgRCPLnosUeva8,Patriot Bar-B-Q,,"7191 S Florida Ave, Floral City, FL 34436, USA",,
ChIJ2Sb3lqAL6IgRMdAEu2vQdJE,Monster's Pizza Floral City,https://www.monsterspizzafloralcity.com/,"7101 S Florida Ave, Floral City, FL 34436, USA",(352) 419-8945,
ChIJCwtlPFYD6IgRtSK4xAC-zX8,Florida Cracker Kitchen,https://www.flacracker.com/kitchen,"966 E Jefferson St, Brooksville, FL 34601, USA",(352) 754-8787,
ChIJSwl79onk54gRLUMXQZ4zJ9g,Howie's Family Restaurant,https://howiesfamilyrestaurant.shop/,"840 N Main St, Bushnell, FL 33513, USA",(352) 793-8582,
ChIJ_SmVmc8P6IgRXFp9uORcu1g,Hogzdogzz,,"9085 S Florida Ave, Floral City, FL 34436, USA",,
ChIJydlbNxEn6IgRcnv3kaWnbGU,The Lazy Lizard,https://www.facebook.com/thelazylizardhb,"3192 Shoal Line Blvd, Hernando Beach, FL 34607, USA",(352) 293-3307,
ChIJC719-Uwn6IgRciJXJ_MuixA,Hernando Beach Tropical Grille,http://www.tropicalgrille.com/,"4139 Shoal Line Blvd, Hernando Beach, FL 34607, USA",(352) 556-2039,
ChIJC-AsC1xw6IgRp4nguhcbMME,Red's Restaurant,https://redsrestaurant.shop/,"8411 N Carl G Rose Hwy, Hernando, FL 34442, USA",(352) 344-4322,
ChIJxQkUvb8n6IgRwN5u8nz31no,Silver Dolphin Restaurant,https://www.silverdolphinrestaurant.com/,"4036 Shoal Line Blvd, Hernando Beach, FL 34607, USA",(352) 701-2152,
ChIJI7B85yVz6IgRwUPTWJ9Dh7A,The Sandwich Den,http://thesandwichden.com/,"2780 N Florida Ave #5, Hernando, FL 34442, USA",(352) 419-4073,
ChIJZeinGZZz6IgRyZ68UNdRCZ0,Don Chamoy Mexican Street Food-Snacks - Desserts,http://donchamoy.square.site/,"2637 N Florida Ave, Hernando, FL 34442, USA",(352) 270-4395,
ChIJ8wSvWLll6IgR7ZBHt6atwL0,Swampy's Bar & Grille,http://swampys.restaurant/,"19773 E Pennsylvania Ave, Dunnellon, FL 34432, USA",(352) 283-8368,
ChIJTRjy4Rch6IgRijoe-tga2pQ,Upper Deck Cafe,http://upperdeckww.com/,"5386 Darlene St, Spring Hill, FL 34607, USA",(352) 340-5155,
ChIJXYFWaVMn6IgRZ9rSS18PCws,Brian's Place,http://briansonthebeach.com/,"3430 Shoal Line Blvd, Spring Hill, FL 34607, USA",(352) 597-5101,
ChIJ2QmdxlRz6IgR4AFU3qhJikk,Gustto Empanadas,,"2258 N Florida Ave, Hernando, FL 34442, USA",(352) 673-5788,
ChIJJyjI0q2fwogRmt_F5mAGrS0,Jabo's BBQ and Seafood,https://jabosbbq.com/,"3335 Shoal Line Blvd, Hernando Beach, FL 34607, USA",(352) 686-9500,
ChIJndBtlmxy6IgRRAca9THs6Fs,Chicken King,http://www.facebook.com/home.php#!/pages/Hernando-FL/Chicken-King/,"2420 N Florida Ave, Hernando, FL 34442, USA",(352) 344-0223,
ChIJ3XAKZAAF6IgRueL2t3j8pRU,Green Door on Broad,http://www.gdo8.com/,"4 N Broad St, Brooksville, FL 34601, USA",(352) 631-5038,
ChIJQ2Gorblt6IgRbCpKei7nm5Y,Jimmy T's New York Deli,,"910 E Norvell Bryant Hwy, Hernando, FL 34442, USA",(352) 637-5555,
ChIJIW_t7nVl6IgR6P99LHcvQaQ,Riviera Maya Mexican Restaurant,https://rivieramaya.top/,"11352 N Williams St #103, Dunnellon, FL 34432, USA",(352) 322-0616,
ChIJmf0YLlMD6IgROJRKCpMnvB8,The Office at the Crossroads,,"25 W Dr Martin Luther King Jr Blvd, Brooksville, FL 34601, USA",(352) 797-2709,
ChIJZxnMNYYn6IgR_FT4-UVOGdA,Hernando Beach Java & Kava,https://hbsips.com/,"4090 Shoal Line Blvd, Hernando Beach, FL 34607, USA",(352) 340-4000,
ChIJQRurPcNl6IgRbXLZ_eZr1RM,Gruff's Tap & Grille,http://gruffsgrill.com/,"12084 S Williams St, Dunnellon, FL 34432, USA",(352) 465-2881,
ChIJXUi0nd8D6IgRS6RI7rRccA8,Papa Joes Italian Restaurant,http://papajoes.org/,"6244 Spring Lake Hwy, Brooksville, FL 34601, USA",(352) 799-3904,
ChIJNRhSGIMg6IgRIPQyuBAzGns,Cody's Original Roadhouse - Spring Hill,https://www.codysoriginalroadhouse.com/springhill,"3101 Commercial Way, Spring Hill, FL 34606, USA",(352) 683-8909,
ChIJQ8qAtx1z6IgRfbM_HKxYx0Q,Hometown Deli,https://hometowndelifl.com/,"103 N Apopka Ave, Inverness, FL 34450, USA",(352) 419-6200,
ChIJEQhzySVz6IgRnjw-oCBBRps,The Depot,https://www.inverness-fl.gov/Facilities/Facility/Details/Depot-District-2,"300 N Apopka Ave, Inverness, FL 34450, USA",(352) 726-3913,
ChIJTSTfjr6BVogRoyLkkMAPczg,Storm Distillery,http://www.stormdistillery.com/,"105 N Apopka Ave, Inverness, FL 34450, USA",(352) 436-9037,
ChIJv2I-vQlz6IgRRwM_oJ-QGvM,Christmas Cafe,,"1482 US-41, Inverness, FL 34450, USA",(352) 419-4329,
ChIJTRd05jkN6IgRMwTM_W2FnvU,Citrus County Fairgrounds,http://www.citruscountyfair.com/,"3600 S Florida Ave, Inverness, FL 34450, USA",(352) 726-2993,
ChIJowhNmtUN6IgR62fTpNadphU,Saehrimnir Smokehouse LLC,http://saehrimnirsmokehouse.com/,"1515 Druid Rd, Inverness, FL 34452, USA",(352) 503-9011,
ChIJ8a1y5y1z6IgR05XzacK2b8Y,HCA Florida Citrus Hospital,https://www.hcafloridahealthcare.com/locations/citrus-hospital/?utm__campaign=corp_listings_mgmt&utm_source=google&utm_medium=business_listing,"502 W Highland Blvd, Inverness, FL 34452, USA",(352) 726-1551,
ChIJ92PDV59B6IgRCfQuogFcpJ0,EBODS,https://iloveebods.com/,"300 N Apopka Ave, Inverness, FL 34450, USA",(352) 201-6264,
ChIJkSnJrJ9z6IgRMSC7G3jFwLk,Laredo Taco Company,https://www.laredotacocompany.com/?utm_source=G&utm_medium=local&utm_campaign=google-local,"1007 US-41, Inverness, FL 34450, USA",(352) 601-9228,
ChIJMYODUUJz6IgR-Zua8b2yAOo,The Canna Bakery Shop,https://www.doordash.com/store/24988761,"2028 Hwy 44 W, Inverness, FL 34453, USA",(352) 419-4324,
ChIJrU6Q37hy6IgRKudyI3DIDe4,Brooklyn Deli,https://www.brooklyndeliinverness.com/,"3360 E Gulf to Lake Hwy, Inverness, FL 34453, USA",(352) 637-3354,
ChIJ225y8S5z6IgRfE8T1dyk0Js,Taco Bell,https://locations.tacobell.com/fl/inverness/616-w-main-street.html?utm_source=yext&utm_campaign=googlelistings&utm_medium=referral&utm_term=042916&utm_content=website&y_source=1_NjE0Mjc2MC03MTUtbG9jYXRpb24ud2Vic2l0ZQ%3D%3D,"616 W Main St, Inverness, FL 34450, USA",(352) 344-1155,
ChIJA7a_SChz6IgR3dJxvrZYBDk,Viet Deli,https://www.ordervietdeli.com/,"1221 US-41 N, Inverness, FL 34450, USA",(352) 419-4885,
ChIJfZL_nZ9y6IgRMZHab46me7Y,Rutabagas Natural Food Market & Café,http://rutabagasmarket.com/,"335 S Croft Ave, Inverness, FL 34453, USA",(352) 344-0096,
ChIJwz79YDZz6IgRlqxutlQ-RwE,Cooter Pond Park,http://www.inverness-fl.gov/160/Cooter-Pond-Park,"181 US Hwy 41 S, Inverness, FL 34450, USA",(352) 726-3913,
ChIJc1dumbVz6IgRkv4LkVn-5bo,Jersey Mike's Subs,https://www.jerseymikes.com/13193/inverness-fl?utm_source=google&utm_medium=organic&utm_campaign=listings,"1070 W Main St, Inverness, FL 34450, USA",(352) 503-0344,
ChIJ4y31dydz6IgRiWJlzOxlrUM,First Taste Chinese Restaurant,https://www.firsttastechinese.com/,"1466 US-41, Inverness, FL 34450, USA",(352) 726-2333,
ChIJM-A8Ti5z6IgRbqlYRyuMk4E,Checkers,https://checkersandrallys.com/location/-871968?y_source=1_MzI0OTA5NS03MTUtbG9jYXRpb24ud2Vic2l0ZQ%3D%3D,"510 W Main St, Inverness, FL 34450, USA",(352) 341-4445,
ChIJi2ZD9TVz6IgRq-YVTW8Ni50,Huddle House,https://huddlehouse.com/locations/fl/inverness/321-south-highway-41,"321 US Hwy 41 S, Inverness, FL 34450, USA",(352) 254-8751,
ChIJbR5xNilz6IgR0K_Q8hOSNsc,Jimmy John's,https://locations.jimmyjohns.com/fl/inverness/sandwiches-3479.html?utm_source=google-my-business&utm_medium=organic&utm_campaign=website-link&y_source=1_MjAyNDA4MzU3NS03MTUtbG9jYXRpb24ud2Vic2l0ZQ%3D%3D,"821 W Main St, Inverness, FL 34450, USA",(352) 637-3278,
ChIJoRVhj2Bt6IgRFwOXgBS26es,Wendy's,https://locations.wendys.com/united-states/fl/inverness/2495-e-gulf-to-lake-hwy?utm_source=Yext&utm_medium=Google_My_Business&utm_campaign=Local_Search,"2495 E Gulf to Lake Hwy, Inverness, FL 34453, USA",(352) 341-5300,
ChIJI8yETtJB6IgRX4SC24WeOvc,St. Johns Martini Bar,,"568 N Citrus Ave, Crystal River, FL 34428, USA",(352) 794-6367,
ChIJKUDxSboDtokRG01Udf1uDkA,Mimi's Bakehouse,https://www.mimibakehouse.com/,"430 NE 3rd St, Crystal River, FL 34429, USA",(352) 794-3024,
ChIJNfZxXchB6IgRYlP3vMIYhRs,Mickey's Bar Crystal River,https://mickeysbarcrystalriver.gbiz.shop/,"770 NE 5th St, Crystal River, FL 34429, USA",(352) 563-0302,
ChIJ11w5y11B6IgRq9QU_9hbv7k,Cattle Dog Coffee Roasters,http://www.cattledogcoffeeroasters.net/,"638 N Citrus Ave, Crystal River, FL 34428, USA",(352) 228-8818,
ChIJ69qIrHZB6IgRi5z-SlkYxUw,Denny's Restaurant,https://locations.dennys.com/FL/CRYSTAL-RIVER/246861?utm_source=G&utm_medium=organic&utm_campaign=DAC,"2380 SE US Hwy 19, Crystal River, FL 34428, USA",(352) 563-1177,
ChIJXwI-UbZB6IgRPJtOADPcHQQ,Sara's Diner,,"216 US-19, Crystal River, FL 34429, USA",(352) 794-3899,
ChIJpUy_EzZA6IgR5fFuQMWj-h4,Rural King,https://www.ruralking.com/locations/rural-king/1801-us-highway-19-crystal-river-fl-74/?utm_source=google&utm_medium=lastmile&utm_campaign=74,"1801 US-19, Crystal River, FL 34428, USA",(352) 794-0039,
ChIJoxePxIpB6IgRSKNC6A40Ye8,Naha Sushi,https://www.nahasushi.com/,"2010 SE US Hwy 19 unit 1, Crystal River, FL 34429, USA",(352) 794-3776,
ChIJby4V_clB6IgRTrw2KMSUNXk,El Ranchito Mexican Grill,http://www.elranchitocrystalriver.com/,"445 NE 1st Terrace, Crystal River, FL 34429, USA",(352) 795-5251,
ChIJXbm6RABB6IgRVBuAW2sxv48,Little Caesar's,,"318 SE 1st Terrace, Crystal River, FL 34429, USA",,
ChIJQfXLGplB6IgRtA33ZgeWypI,Guyer's Ice Cream & Doughnuts,https://guyersicecream.com/,"116 NE 5th St, Crystal River, FL 34429, USA",(352) 794-3477,
ChIJEaDTLj5A6IgRTRGd7iPYues,Applebee's Grill + Bar,https://restaurants.applebees.com/en-us/fl/crystal-river/200-n.-suncoast-blvd.-96023?utm_source=google&utm_medium=organic&utm_campaign=google_my_business&utm_term=96023&utm_content=website,"200 N Suncoast Blvd, Crystal River, FL 34429, USA",(352) 563-2800,
ChIJWYQvSadB6IgRBRM_OCGQBoI,Uncle Louie G's,http://unclelouiegee.com/,"15 NW US-19, Crystal River, FL 34428, USA",(352) 699-4975,
ChIJb5AaeLzBbIcR9lXXp1ruQME,Karma Cottage Inc,http://www.karmacottage.com/,"652A N Citrus Ave, Crystal River, FL 34428, USA",(352) 566-0300,
ChIJA8RTiw1A6IgRgR9bS_1lTks,Taco Bell,https://locations.tacobell.com/fl/crystal-river/555-ne-hwy-19.html?utm_source=yext&utm_campaign=googlelistings&utm_medium=referral&utm_term=042922&utm_content=website&y_source=1_NjE0MzAxNy03MTUtbG9jYXRpb24ud2Vic2l0ZQ%3D%3D,"555 SE US Hwy 19, Crystal River, FL 34428, USA",(352) 795-4107,
ChIJ9QPbJ_Q_6IgRlHgQxQi7EkA,Homosassa Distillery & Brewing Company,https://homosassadistillery.com/,"8759 W Tradeways Ct, Homosassa, FL 34448, USA",(352) 436-9614,
ChIJyVACffI_6IgRe61mN-60sPw,Jim's club 19,,"3383 S Suncoast Blvd, Homosassa, FL 34448, USA",(352) 628-6698,
ChIJq4B0YSQ_6IgRdjFlP02vrQs,Cattle Dog Coffee Roasters,http://cattledogcoffeeroasters.net/,"4556 S Suncoast Blvd, Homosassa, FL 34446, USA",(352) 419-4125,
ChIJ__s-X6U_6IgR7DS_ayDEtNI,Old Homosassa Heritage Park and Working Waterfront,https://homosassacivicclubinc.org/,"5380 S Boulevard Dr, Homosassa, FL 34448, USA",(352) 628-9333,
ChIJddiJm0g_6IgRXpm2HbBOTkw,Jugs Pub sports bar,,"3283 S Suncoast Blvd, Homosassa, FL 34448, USA",(352) 860-4438,
ChIJiY0Kycc_6IgR_i3UZk1w7s0,The Cichlid Barn,,"7605 W Aquaduct St, Homosassa Springs, FL 34448, USA",,
ChIJexIMpMU_6IgRR_T3ZA21nPw,Bowl 360 Homosassa,http://www.bowl360.com/,"3655 S Suncoast Blvd, Homosassa, FL 34448, USA",(877) 377-2695,
ChIJv4RxhcU_6IgRqoOv6D5oPLk,Taco Bell,https://locations.tacobell.com/fl/homosassa/3763-south-suncoast-blvd-.html?utm_source=yext&utm_campaign=googlelistings&utm_medium=referral&utm_term=036145&utm_content=website&y_source=1_OTI4MzY3NC03MTUtbG9jYXRpb24ud2Vic2l0ZQ%3D%3D,"3763 S Suncoast Blvd, Homosassa, FL 34448, USA",(352) 628-0027,
ChIJTTHiI8w_6IgR89hvVjSS-vc,Ellie Schiller Homosassa Springs Wildlife State Park,https://www.floridastateparks.org/park/Homosassa-Springs,"4150 S Suncoast Blvd, Homosassa, FL 34446, USA",(352) 423-5600,
ChIJvxoqTwA_6IgR6TKpnVjkT8I,The freezer tikki bar,,"Homosassa, FL 34448, USA",,
ChIJV0zTYLQ_6IgRmNDY1cgAcbU,Ellie Schiller Homosassa Springs Wildlife State Park West Entrance,https://www.floridastateparks.org/park/Homosassa-Springs,"9225 W Fishbowl Dr, Homosassa, FL 34448, USA",(352) 423-5600,
ChIJWRoRcc8_6IgRKcjftUV9E2c,RaceTrac,https://www.racetrac.com/locations/florida/homosassa/w_-homosassa?utm_source=google&utm_medium=organic&utm_campaign=gmb-listing,"3861 S Suncoast Blvd, Homosassa, FL 34448, USA",(404) 829-6226,
ChIJ86eTM8w_6IgR2axw5suc1gw,Wendy's,https://locations.wendys.com/united-states/fl/homosassa/4223-suncoast-blvd?utm_source=Yext&utm_medium=Google_My_Business&utm_campaign=Local_Search,"4223 S Suncoast Blvd, Homosassa, FL 34446, USA",(352) 382-2608,
ChIJj2JTFDwV6IgRxiKQMOii1oY,Hole in One Donuts Homosassa,,"5364 S Suncoast Blvd, Homosassa, FL 34446, USA",(352) 765-4300,
ChIJ_xm_7Gk_6IgRkguIKvtf8bI,Monkey Island,http://www.historicmonkeyisland.com/,"Homosassa, FL 34448, USA",(352) 628-2474,
ChIJt-K9Gc8_6IgRdpmi6-aP6B0,Mr. Wang's Chinese Restaurant,,"3906 S Suncoast Blvd, Homosassa, FL 34448, USA",(352) 628-6366,
ChIJvV-Oi8U_6IgRAtgWmKOA1Hk,New China Restaurant,,"3770 S Suncoast Blvd, Homosassa, FL 34448, USA",(352) 628-1122,
ChIJ6-XUiPEV6IgRc0eCy7A-Dlg,Howard's Flea Market,http://www.howardsfleamarket.com/,"6373 S Suncoast Blvd, Homosassa, FL 34446, USA",(352) 628-3532,
ChIJoaLK4_E-6IgRtjrCqDjvI-8,Homosassa Civic Club,http://homosassacivicclubinc.org/,"5530 S Mason Creek Rd, Homosassa, FL 34448, USA",(352) 628-9333,
ChIJ12FxRJgV6IgRAfzpR1AA6rk,Country & Coastal Meat and Seafood Market,,"5386 S Suncoast Blvd, Homosassa, FL 34446, USA",(352) 419-4522,
ChIJR--CCylz6IgRkb8FVdRqwIk,Pizza Hut,https://locations.pizzahut.com/fl/inverness/940-w-main-st?utm_medium=organic&utm_source=local&utm_campaign=googlelistings&utm_content=website&utm_term=298354,"940 W Main St, Inverness, FL 34450, USA",(352) 726-4880,
ChIJCQxIXbEM6IgRhrKabm84M74,IRRU Family Social Club,https://m.facebook.com/IRRU-Family-Social-Club-298660135791/,"922 US Hwy 41 S, Inverness, FL 34450, USA",(352) 637-5118,
ChIJEVI84EQBYYgRFEO6eQxQd0k,Hungry Howie's Pizza & Subs,https://www.hungryhowies.com/stores/fl/inverness/1320-us-41?utm_source=google&utm_medium=organic&utm_campaign=googlebusinessprofile,"1320 US-41, Inverness, FL 34450, USA",(352) 344-3435,
ChIJOfb3BqBy6IgR6vik0JMlrhs,Papa Johns Pizza,https://locations.papajohns.com/united-states/fl/34453/inverness/2617-highway-44-west?utm_source=gmb&utm_medium=organic&y_source=1_MTA2OTE1MTItNzE1LWxvY2F0aW9uLndlYnNpdGU%3D,"2617 FL-44, Inverness, FL 34453, USA",(352) 726-9700,
ChIJG32jcjRz6IgR57o6Aevd3pE,Domino's Pizza,https://www.dominos.com/en/?utm_source=google&utm_medium=loclist&utm_campaign=localmaps,"213 E Highland Blvd, Inverness, FL 34450, USA",(352) 637-5300,
ChIJdQvkJX5t6IgRsAF8sqmWQMM,Domino's Pizza,https://www.dominos.com/en/?utm_source=google&utm_medium=loclist&utm_campaign=localmaps,"2657 E Gulf to Lake Hwy Ste C2, Inverness, FL 34453, USA",(352) 423-4145,
ChIJW7dV6MX17IgRAfX726LPHHA,Crystal River Seafood,https://www.lovethatseafood.com/,"2721 N Monroe St #2818, Tallahassee, FL 32303, USA",(850) 383-1530,
ChIJTTzpoNQ_6IgRzvVZp6a96hc,Heilig Haus,http://www.mermaidandmanateesuites.com/,"8022 W Grove St, Homosassa, FL 34446, USA",(407) 463-3290,
ChIJk-2bIM8_6IgRjUvKhZ53v5Y,Hardee's,https://locations.hardees.com/fl/homosassa/3960-s-suncoast-blvd,"3960 S Suncoast Blvd, Homosassa, FL 34448, USA",(352) 419-4245,
ChIJCyS80TYg6IgRqCv-9jsChL8,Breakfast Station,https://www.breakfaststationcentral.com/,"8405 Northcliffe Blvd, Spring Hill, FL 34606, USA",(352) 600-8905,
ChIJlRiOcIkV6IgReOtCS0lagI4,Captains Quarter Bar and Cafe,https://www.captainsquarterbarandcafe.com/,"US-19, Homosassa, FL 34446, USA",(352) 860-6547,
ChIJb3wv8sU_6IgRjkyAZSy9KtY,McDonald's,https://www.mcdonalds.com/us/en-us/location/FL/HOMOSASSA/3740-S-SUNCOAST-BLVD/10654.html?cid=RF:YXT:GMB::Clicks,"3740 S Suncoast Blvd, Homosassa, FL 34448, USA",(352) 621-1660,
ChIJ5xvW7Mw_6IgRonB2UApbfbg,Burger King,https://burgerking.com/store-locator/store/4154,"4420 S Suncoast Blvd, Homosassa Springs, FL 34446, USA",(352) 628-7119,
ChIJoTTidCw-6IgRE3PjeQVrxjM,Three Rivers Motel,,"4891 S Suncoast Blvd, Homosassa, FL 34446, USA",(352) 503-9154,
ChIJ7ZXiTPAV6IgRRKxbj-40Itc,Dunkin',https://locations.dunkindonuts.com/en/fl/homosassa/6885-s-suncoast-blvd/348740?utm_source=google&utm_medium=local&utm_campaign=localmaps&utm_content=348740&y_source=1_MTIxMTIwMDAtNzE1LWxvY2F0aW9uLndlYnNpdGU%3D,"6885 S Suncoast Blvd In Walmart, Homosassa, FL 34446, USA",(352) 621-3002,
ChIJa2pi-sU_6IgRvPSw2JyNjtQ,Subway,https://restaurants.subway.com/united-states/fl/homosassa-springs/3756-s-suncoast-blvd?utm_source=yxt-goog&utm_medium=local&utm_term=acq&utm_content=864&utm_campaign=evergreen-2020&y_source=1_MTQ5MDgxNDQtNzE1LWxvY2F0aW9uLndlYnNpdGU%3D,"3756 S Suncoast Blvd, Homosassa Springs, FL 34448, USA",(352) 628-6822,
ChIJkXHZOq5z6IgR2Fr8kpappSg,Chipotle Mexican Grill,https://locations.chipotle.com/fl/inverness/911-w-main-st?utm_source=google&utm_medium=yext&utm_campaign=yext_listings?restaurant=4423,"911 W Main St, Inverness, FL 34450, USA",(352) 423-7227,
ChIJj0n16e0t5ogRd3kHbgiWpUM,Los Magueyes Mexican Restaurant - Ocala,https://losmagueyesmexrest.com/losmagueyesmexicanrestaurantocala?utm_source=google,"5855 SE 5th St UNIT 1, Ocala, FL 34472, USA",(352) 694-0808,
ChIJLZW4xdxB6IgRGvEpih6mXLs,Pho 84 Vietnamese Cuisine,https://www.pho84vietnamesecuisine.com/,"374 N Suncoast Blvd, Crystal River, FL 34429, USA",(352) 794-3801,
ChIJ707guxaNwogRVr0EchCc4Cw,Larry’s Grillhouse,https://www.larrysgrillhouse.com/,"734 S Pinellas Ave, Tarpon Springs, FL 34689, USA",(727) 940-3000,
ChIJdcaJy2Nq6IgRj50BexieAhQ,Beef 'O' Brady's,https://www.beefobradys.com/crystalriver,"6738 W Gulf to Lake Hwy, Crystal River, FL 34429, USA",(352) 564-0544,
ChIJK2Dey2Nq6IgRL_fkqqlgD5Q,Brother's Pizza,https://brospizza.net/?utm_source=google,"6746 W Gulf to Lake Hwy, Crystal River, FL 34429, USA",(352) 564-9374,
ChIJH5dhR2JD6IgRxCY4DmiVVO0,Captain Fins Snack Shack,,"5430 N Suncoast Blvd, Crystal River, FL 34428, USA",(352) 794-6451,
ChIJU-03d3px6IgRBLDMAcIzxPA,Delicious Bites LLC,,"1936 N Lecanto Hwy, Lecanto, FL 34461, USA",(352) 586-4151,
ChIJEXxlyRxr6IgR6ZJjMllDpUI,Pub 44,https://www.facebook.com/share/16JMFA6inQ/,"3782 W Gulf to Lake Hwy, Lecanto, FL 34461, USA",(352) 249-7471,
ChIJg4DxmQtr6IgRK-zxMHZ18Zw,ClearSky Rehabilitation Hospital of Lecanto,http://clearskyhealth.com/lecanto,"3967 W Norvell Bryant Hwy, Lecanto, FL 34461, USA",(352) 835-0819,
ChIJ6TiRIt8T6IgRwpEjDfGlOOY,Cavallo Estate Winery,,"8123 S Lecanto Hwy, Lecanto, FL 34461, USA",,
ChIJOSJbN-ls6IgRyqMcIaUVuN8,Funny Farm Alpacas,,"718 W Rusk Ln, Lecanto, FL 34461, USA",(352) 228-3251,
ChIJ-wC8rGhr6IgRHYF-MyTurAc,Wendy's,https://locations.wendys.com/united-states/fl/lecanto/2900-w-norvell-bryant-hwy?utm_source=Yext&utm_medium=Google_My_Business&utm_campaign=Local_Search,"2900 W Norvell Bryant Hwy, Lecanto, FL 34461, USA",(352) 639-2633,
ChIJEStKLhlt6IgRKMbZvi3bicM,Loyal Order of Moose,https://www.facebook.com/profile.php?id=100069292322897,"221 S Haid Terrace, Lecanto, FL 34461, USA",(352) 726-2112,
ChIJ0Z5MzXls6IgRocqDqGX23ms,The Reserve at Citrus,https://inspiritseniorliving.com/thereserveatcitrus-community?utm_source=GMB&utm_medium=Yext,"2341 W Norvell Bryant Hwy, Lecanto, FL 34461, USA",(352) 746-2273,
ChIJRYyWlCpr6IgRwKBPsmdM8KQ,Chipotle Mexican Grill,https://locations.chipotle.com/fl/lecanto/1834-n-lecanto-hwy?utm_source=google&utm_medium=yext&utm_campaign=yext_listings?restaurant=5242,"1834 N Lecanto Hwy, Lecanto, FL 34461, USA",(352) 423-6488,
ChIJa0tLO0kT6IgReEvS5JjKrCY,Lecanto Pastured Poultry,https://www.lecantopoultry.com/,"1681 W Cardinal St, Lecanto, FL 34461, USA",(352) 423-4353,
ChIJSYJmLjFr6IgR5iVnNhdy5JA,Marco's Pizza,https://www.marcos.com/,"1862 N Lecanto Hwy, Lecanto, FL 34461, USA",(352) 632-6100,
ChIJ6Z-AUgBr6IgRMz6JdRQ3Sp8,Five Guys,https://restaurants.fiveguys.com/1838-north-lecanto-highway,"1838 N Lecanto Hwy Suite 100, Lecanto, FL 34461, USA",(352) 270-8197,
ChIJKRZcRapr6IgR8qxjWlNOKeU,Chopping Block,https://www.facebook.com/profile.php?id=100091806191694,"1209 S Lecanto Hwy, Lecanto, FL 34461, USA",(352) 249-7680,
ChIJJ3B4pBcR6IgR66CfpZhy_bE,Dames Cave Parking,,"10701 S Lecanto Hwy, Lecanto, FL 34461, USA",,
ChIJfej7cgBr6IgRMKPdASXJiBY,Panda Express,https://www.pandaexpress.com/locations/fl/lecanto/3799,"1850 N Lecanto Hwy, Lecanto, FL 34461, USA",(352) 663-8899,
ChIJb4O1kZFz6IgRlyTC84yuYZU,Inverness Coffee House and Hemptation Station,https://www.facebook.com/p/Inverness-Coffee-House-100085562657770/?_rdr,"3806 E Gulf to Lake Hwy, Inverness, FL 34453, USA",(352) 423-1690,
ChIJZ0BqGB9z6IgR7NIcz9kplbY,InVibe Nutrition Herbalife Cafe,https://www.facebook.com/Invernessnutrition/,"216 Tompkins St, Inverness, FL 34450, USA",(352) 419-4820,
ChIJiSXvvylz6IgRqgIcS0R6qcA,Panera Bread,https://www.panerabread.com/en-us/cafe/locations/fl/inverness/1082-w-main-street?utm_medium=local&utm_source=google&utm_campaign=dpm-dist&utm_term=601788&utm_content=main,"1082 W Main St, Inverness, FL 34450, USA",(352) 341-3092,
ChIJjTNgeY1z6IgRo-mkNVmF39Q,Stone Fueled Nutrition,https://www.stonefueled.com/,"2016 Hwy 44 W, Inverness, FL 34453, USA",(352) 419-4133,
ChIJnQ8meIVr6IgR1PfO1vVKyiI,Cody's Doghouse,,"1300 Andrew St, Inverness, FL 34453, USA",(352) 765-2265,
ChIJO4m5bDRz6IgRSpqkIkPmPCA,Fortuner Chinese Restaurant,,"211 E Highland Blvd, Inverness, FL 34452, USA",(352) 726-8885,
ChIJofUxJfB06IgRqu_JWtTpRuE,ZenWoods Golf Club + Tap In Tavern,https://zenwoodsgolfclub.com/,"95 S Golf Harbor Path, Inverness, FL 34450, USA",(352) 726-3113,
ChIJQWA-vkxB6IgRe62vXyt49Tg,Ellianos Coffee,https://ellianos.com/,"1204 NE 5th St, Crystal River, FL 34429, USA",(352) 228-4397,
ChIJuUMzI7xB6IgR0w_wVANA71I,Salty Hook Sandwich Shop,https://saltyhooksandwichshop.com/,"9691 W Fort Island Trail, Crystal River, FL 34429, USA",(352) 228-4586,
ChIJD0ZFXbRB6IgRuYsnWCRGdGs,Abound,https://alwaysabound.square.site/,"550 N Citrus Ave, Crystal River, FL 34428, USA",(352) 651-5166,
ChIJPY_MfP1B6IgRJHeEtxj1gnY,Restaurant,,"843 NW 3rd Ave, Crystal River, FL 34428, USA",(352) 586-8548,
ChIJb1WsOqxB6IgRVpA4kSlcVaU,Pete's Pier Marina,https://petespier.com/,"1 SW 1st Pl, Crystal River, FL 34429, USA",(352) 795-3302,
ChIJ41-dayRr6IgRfy8fFkbguzM,Take 5 Oil Change,https://www.take5.com/locations/oil-change/florida/lecanto/30966/?utm_source=google&utm_medium=organic&utm_campaign=gbp_website,"1638 N Lecanto Hwy, Lecanto, FL 34461, USA",(352) 841-0151,
ChIJYYa0M25r6IgR_5sGH0deRUg,Suncoast Skin Solutions Formerly Suncoast Dermatology,https://www.suncoastskin.com/locations-lecanto-fl/,"525 N Dacie Point, Lecanto, FL 34461, USA",(352) 247-8176,
ChIJUYLtHltr6IgRaVpfgdVhB_o,America Grocery,http://america-grocery.poi.place/,"3030 W Gulf to Lake Hwy, Lecanto, FL 34461, USA",(352) 513-3775,
ChIJV2BQVfNr6IgRKSH7N9CUXe4,Central Citrus Community Center,https://www.citrusbocc.com/departments/community_services/support_services/senior_programs/senior_centers/central_citrus/index.php,"2804 W Marc Knighton Ct # 114, Lecanto, FL 34461, USA",(352) 527-5993,
ChIJJSQT39pr6IgRgqx3nkxG_XA,"Citrus Cardiology Consultants, PLLC",https://citruscardiology.org/,"2797 W Gulf to Lake Hwy, Lecanto, FL 34461, USA",(352) 423-1013,
ChIJYU7-WwBr6IgRL3byhZHJpDI,Starbucks Coffee Company,,"3077 W Norvell Bryant Hwy, Lecanto, FL 34461, USA",(352) 443-6256,
ChIJwQLvnW9r6IgRwDQJr7zae7Y,Florida Cancer Specialists & Research Institute,https://flcancer.com/location/lecanto/,"521 N Lecanto Hwy, Lecanto, FL 34461, USA",(352) 746-0707,
ChIJd6T_r4Vr6IgRN6odiEePJyg,Wawa,https://www.wawa.com/locations/5320?utm_source=gmblisting&utm_medium=organic&utm_campaign=locallisting,"2932 W Norvell Bryant Hwy, Lecanto, FL 34461, USA",(352) 508-6453,
ChIJB9TG1aRr6IgRBzp-QL9XH9g,CR 486 Lecanto Trailhead,https://citrusbocc.com/news_detail_T12_R291.php,"2832 W Norvell Bryant Hwy, Lecanto, FL 34461, USA",,
ChIJk7ImH4Vr6IgRRiut1C2FuU8,McDonald's,https://www.mcdonalds.com/us/en-us/location/FL/LECANTO/1988-N-LECANTO-HWY/36567.html?cid=RF:YXT:GMB::Clicks,"1988 N Lecanto Hwy, Lecanto, FL 34461, USA",(352) 527-1990,
ChIJjW2N5gZr6IgR85OR-OwLqfI,Hair Cuttery Color & Haircuts - Lecanto,https://locations.haircuttery.com/fl/lecanto/1864-north-lecanto-highway?y_source=1_MjAwMjU4MjA1MC03MTUtbG9jYXRpb24ud2Vic2l0ZQ%3D%3D,"1864 N Lecanto Hwy, Lecanto, FL 34461, USA",(352) 648-5545,
ChIJN8_E6p8_6IgR5oNwHp-2hw0,The Bin Spot - Homosassa,https://www.thebinspot.com/,"1520 S Suncoast Blvd, Homosassa, FL 34448, USA",(352) 794-3054,
ChIJz31Xsc8_6IgRfga2uR8dBCc,Homosassa Open MRI,https://capitolimagingservices.com/homosassa-open-mri/,"8464 W Aquaduct St, Homosassa, FL 34448, USA",(352) 628-4800,
ChIJYTDYVus_6IgRbGf4QLJ9kdA,River Adventure Tours,http://www.riveradventuretours.com/,"10269 W Halls River Rd, Homosassa, FL 34448, USA",(833) 468-8687,
ChIJocBgqfE-6IgRftI5okdAuL8,River Safaris - Homosassa Airboat Tours and Boat Rental,http://riversafaris.com/,"10823 W Yulee Dr, Homosassa, FL 34448, USA",(352) 628-5222,
ChIJtcw976UX6IgRVhQ0OomrLm4,Wendy's,https://locations.wendys.com/united-states/fl/homosassa/7230-w-miss-maggie-drive?utm_source=Yext&utm_medium=Google_My_Business&utm_campaign=Local_Search,"7230 W Miss Maggie Dr, Homosassa, FL 34448, USA",(352) 417-7947,
ChIJ_QpUZXgV6IgRPIIQj4iCtwM,Mullet & Peanuts,,"5372 S Suncoast Blvd, Homosassa, FL 34446, USA",,
ChIJ8QyfH8w_6IgRtnH86N4PeQY,Pepper Creek Terrace,https://homosassaspringswildlife.com/,"4150 S Suncoast Blvd, Homosassa, FL 34446, USA",(352) 765-3366,
ChIJgWalDcsV6IgRq_mfjv_wlpc,Community Food Bank,https://feed352.org/food-agencies/,"5259 W Cardinal St, Homosassa, FL 34446, USA",(352) 628-3663,
ChIJOe99r9A_6IgR-c50RcBSY0g,Mellow Mangrove Charters,https://mellowmangrovechartersllc.com/,"5300 S Cherokee Way, Homosassa, FL 34448, USA",(352) 257-9487,
ChIJYcxULGa9woARo4LgCndwyj0,Pura Vida Miami,https://www.puravidamiami.com/,"439 N Beverly Dr, Beverly Hills, CA 90210, USA",(305) 535-4142,
ChIJt8QuogRs6IgR4VOPq6kRwxc,Fresh Start Donuts of Beverly Hills,https://www.facebook.com/Freshstartdonuts,"4001 N Lecanto Hwy, Beverly Hills, FL 34465, USA",(352) 527-1996,
ChIJEy4DBMBt6IgRJb4cNIEEoAU,The Vintage Room,https://www.facebook.com/THEVINTAGEROOMFLORIDA/,"3886 N Lecanto Hwy, Beverly Hills, FL 34465, USA",(352) 422-2719,
ChIJY1ao1v9v6IgRGIZxN8QrhP4,Citrus Herbalife Nutrition,https://www.facebook.com/citrusnutrition,"4499 N Lecanto Hwy, Beverly Hills, FL 34465, USA",(352) 513-2208,
ChIJ-VWWhVq5woARWEiCC9oiD1Q,Anny's Cafe,,"265 S Robertson Blvd # 1, Beverly Hills, CA 90211, USA",(310) 854-4499,
ChIJz-22Hfm7woARcCJpuh6N2dk,THE Blvd Restaurant and Lounge,https://www.theblvdrestaurant.com/?utm_source=google&utm_medium=organicsearch&utm_campaign=tor-bev-fab-mid-seo-na&utm_content=na-na&utm_term=na,"9500 Wilshire Blvd, Beverly Hills, CA 90212, USA",(310) 385-3901,
ChIJSYvnvCVs6IgRER7YgnbHZA0,Central Ridge Park,https://www.citrusbocc.com/departments/community_services/parks___recreation/parks___beaches/central_ridge_community_park.php,"952 W Lake Beverly Dr, Beverly Hills, FL 34465, USA",(352) 527-7540,
ChIJX8auh_u7woAReoxFMFR4cCc,Urth Caffe Beverly Hills,https://www.urthcaffe.com/,"267 S Beverly Dr, Beverly Hills, CA 90212, USA",(310) 205-9311,
ChIJHyxdbQe8woARxadFSuW4Ok4,Il Pastaio,https://www.ilpastaiobeverlyhills.com/,"400 N Canon Dr, Beverly Hills, CA 90210, USA",(310) 205-5444,
ChIJM8G34PeB6IgRcX7H-IIOdE0,Stirrups Restaurant,https://worldequestriancenter.com/ocala-fl/dine/stirrups-restaurant/?utm_source=Google&utm_id=Stirrups,"8510 NW 17th Ln, Ocala, FL 34482, USA",(352) 414-7864,
ChIJI4uJtBxs6IgRq3ni7cNwLGE,Subway,https://restaurants.subway.com/united-states/fl/beverly-hills/4089-n-lecanto-hwy?utm_source=yxt-goog&utm_medium=local&utm_term=acq&utm_content=35845&utm_campaign=evergreen-2020&y_source=1_MTQ5MTIyMTAtNzE1LWxvY2F0aW9uLndlYnNpdGU%3D,"4089 N Lecanto Hwy, Beverly Hills, FL 34465, USA",(352) 746-0057,
ChIJSa_DvAhs6IgRPtd0k9nVgbM,Hungry Howie's Pizza & Subs,https://www.hungryhowies.com/stores/fl/beverly-hills/3601-n-lecanto-hwy?utm_source=google&utm_medium=organic&utm_campaign=googlebusinessprofile,"3601 N Lecanto Hwy, Beverly Hills, FL 34465, USA",(352) 527-3311,
ChIJo4XM5_W7woARDdQ_YXBKCvw,The Belvedere,https://www.peninsula.com/en/beverly-hills/hotel-fine-dining/the-belvedere,"9882 S Santa Monica Blvd Ground Floor, Beverly Hills, CA 90212, USA",(310) 975-2736,
ChIJo8oUmVZt6IgR5_dwVXL0Sl4,"Highly Favored Antiques, Mercantile & Plant Nursery",http://facebook.com/HighlyFavoredAntiques,"6 William Tell Ln, Beverly Hills, FL 34465, USA",(904) 635-5595,
ChIJk1QDU_m7woARxcWMLbWH43w,Piccolo Paradiso,http://piccoloparadisobeverlyhills.com/,"150 S Beverly Dr, Beverly Hills, CA 90212, USA",(310) 271-0030,
ChIJ6_X1Mt4W44kRKezYHPoehbE,Depot Diner,http://www.depot-diner.com/,"23 Enon St, Beverly, MA 01915, USA",(978) 922-6200,
ChIJLx21V0Zs6IgRGmH0ioVvE8g,Burger King,https://burgerking.com/store-locator/store/11532,"635 W Norvell Bryant Hwy, Hernando, FL 34442, USA",(352) 746-1932,
ChIJnQfUAAC5woARCNTPUUBW2x4,Sadaf Restaurant Beverly Hills,https://www.sadafbeverlyhills.com/,"272 S La Cienega Blvd, Beverly Hills, CA 90211, USA",(424) 421-1918,
ChIJXQ6IvQPjwogRPd7cu3lVm94,"Sr. Screen, Inc.",http://www.sr-screen.com/,"4538 N Elkcam Blvd, Beverly Hills, FL 34465, USA",(727) 224-6999,
ChIJ_cnbWl1t6IgRO3XyyaPrRe0,Dunkin',https://locations.dunkindonuts.com/en/fl/beverly-hills/3470-n-lecanto-hwy/357458?utm_source=google&utm_medium=local&utm_campaign=localmaps&utm_content=357458&y_source=1_MTIxMDYxNDUtNzE1LWxvY2F0aW9uLndlYnNpdGU%3D,"3470 N Lecanto Hwy, Beverly Hills, FL 34465, USA",(352) 249-7729,
ChIJPfoHVlrA54gRvjq38jnjGqA,Breakfast Station,https://www.breakfaststationcentral.com/,"2229 Citrus Blvd, Leesburg, FL 34748, USA",(352) 315-0291,
ChIJy8ipCsll6IgRhBJtp-uIO7Q,Breakfast Station,http://www.breakfaststationcentral.com/,"11352 N Williams St #201, Dunnellon, FL 34432, USA",(352) 462-7188,
ChIJl9Pxmp5S3YgRR8P3s9uSRcY,Breakfast Station,https://www.breakfaststationcentral.com/,"7331 Gall Blvd, Zephyrhills, FL 33541, USA",(813) 702-4933,
ChIJ62QcOKi7wogREYisdr67wsw,Breakfast Station,http://www.breakfaststationcentral.com/,"21519 Village Lakes Shopping Center Dr, Land O' Lakes, FL 34639, USA",(813) 510-3869,
ChIJI1oIfYZz6IgRZyUn1QHiVEA,Dunkin',https://locations.dunkindonuts.com/en/fl/inverness/502-west-highland-boulevard/363672?utm_source=google&utm_medium=local&utm_campaign=localmaps&utm_content=363672&y_source=1_MjAxNTczMTA4NC03MTUtbG9jYXRpb24ud2Vic2l0ZQ%3D%3D,"502 W Highland Blvd, Inverness, FL 34452, USA",(352) 503-2024,
ChIJMViuH6Jy6IgRya-ItxmgHc4,Dunkin',https://locations.dunkindonuts.com/en/fl/inverness/599-s.-stone-way/343568?utm_source=google&utm_medium=local&utm_campaign=localmaps&utm_content=343568&y_source=1_MTIxMTMyMjgtNzE1LWxvY2F0aW9uLndlYnNpdGU%3D,"599 S Stone Way, Inverness, FL 34453, USA",(352) 726-0109,
ChIJNfjTZwBz6IgR8mNkA8rmPp4,Starbucks Coffee Company,,"2080 Hwy 44 W, Inverness, FL 34453, USA",(352) 503-4858,
ChIJ5Xdmxy5z6IgRSHmF6hdC1E4,Dunkin',https://locations.dunkindonuts.com/en/fl/inverness/715-w-main-st/353520?utm_source=google&utm_medium=local&utm_campaign=localmaps&utm_content=353520&y_source=1_MTIxMTA5ODMtNzE1LWxvY2F0aW9uLndlYnNpdGU%3D,"715 W Main St, Inverness, FL 34450, USA",(352) 419-4573,
ChIJNwhrgLMM6IgR5lpl0jslFG0,Central Motel,https://centralmotel.com/,"721 US Hwy 41 S, Inverness, FL 34450, USA",(352) 726-4515,
ChIJVyQdtTVz6IgRAAa8uUHKxGs,Burger King,https://burgerking.com/store-locator/store/2380,"302 US Hwy 41 S, Inverness, FL 34450, USA",(352) 344-1627,
ChIJNT8qRvDD5ogREd-GKr_KGMs,Breakfast Station,https://www.breakfaststationcentral.com/,"3754 Roscommon Dr, Ormond Beach, FL 32174, USA",(386) 238-9504,
ChIJWw27IjRz6IgRip7UBFKTnec,McDonald's,https://www.mcdonalds.com/us/en-us/location/FL/INVERNESS/240-S-HWY-41/4759.html?cid=RF:YXT:GMB::Clicks,"240 US Hwy 41 S, Inverness, FL 34450, USA",(352) 344-1465,
ChIJ350XOC5z6IgR5kXfhi8ojbE,Wendy's,https://locations.wendys.com/united-states/fl/inverness/502-w-main-st?utm_source=Yext&utm_medium=Google_My_Business&utm_campaign=Local_Search,"502 W Main St, Inverness, FL 34450, USA",(352) 726-1985,
ChIJadAw42Bt6IgRBVcVUCTuO7Y,McDonald's,https://www.mcdonalds.com/us/en-us/location/FL/INVERNESS/2801-EAST-GULF-TO-LAKE-HWY/10847.html?cid=RF:YXT:GMB::Clicks,"2801 E Gulf to Lake Hwy, Inverness, FL 34453, USA",(352) 344-4080,
ChIJMViuH6Jy6IgROqi6EpLJgvk,Baskin-Robbins,https://locations.baskinrobbins.com/fl/inverness/599-s.-stone-way?utm_source=google&utm_medium=organic&utm_campaign=Yext,"599 S Stone Way, Inverness, FL 34453, USA",(352) 726-0109,
ChIJ0YStvMdy6IgRr8vyUk4QtSE,"Love Chevrolet, INC.",https://www.lovechevysales.com/,"2209 Hwy 44 W, Inverness, FL 34453, USA",(352) 419-0859,
ChIJBSdA089y6IgRIF7mW0kpvG4,RaceTrac,https://www.racetrac.com/locations/florida/inverness/inverness?utm_source=google&utm_medium=organic&utm_campaign=gmb-listing,"2120 Hwy 44 W, Inverness, FL 34453, USA",(404) 829-6156,
ChIJe9KsdTFz6IgRXuKQSM5DWOo,Subway,https://restaurants.subway.com/united-states/fl/inverness/97-s-pine-ave?utm_source=yxt-goog&utm_medium=local&utm_term=acq&utm_content=11482&utm_campaign=evergreen-2020&y_source=1_MTQ5MTMxNjktNzE1LWxvY2F0aW9uLndlYnNpdGU%3D,"97 S Pine Ave, Inverness, FL 34450, USA",(352) 344-8996,
ChIJR7hlxp5B6IgRCKqAkLZQblo,Florida Feels Herbalife Nutrition,,"7911 W Gulf to Lake Hwy, Crystal River, FL 34428, USA",,
ChIJN_hiOLFB6IgRgDk8Rvn5z9g,Crystal Cove Bed & Breakfast,,"244 NE 2nd Ct, Crystal River, FL 34429, USA",(352) 220-1488,
ChIJi05ecgBB6IgRohVrlUneQ6Q,Starbucks Coffee Company,,"640 NE 5th St, Crystal River, FL 34429, USA",(352) 579-7199,
ChIJ858LIJs56IgRU11Lcm-wLEU,Crystal River Lullaby B&B,https://www.lullabybb.com/,"14085 W St Martins Rd, Crystal River, FL 34429, USA",(407) 690-6739,
ChIJExeTIMhB6IgRj8OCPaoNQhk,Dunkin',https://locations.dunkindonuts.com/en/fl/crystal-river/631-ne-5th-st/343576?utm_source=google&utm_medium=local&utm_campaign=localmaps&utm_content=343576&y_source=1_MTIxMTMyOTItNzE1LWxvY2F0aW9uLndlYnNpdGU%3D,"631 NE 5th St, Crystal River, FL 34429, USA",(352) 563-0199,
ChIJ_XyZwjVA6IgRKVKIMHzgyqY,Burger King,https://burgerking.com/store-locator/store/2676,"125 NE US Hwy 19, Crystal River, FL 34429, USA",(352) 795-4584,
ChIJ4-zRjRNA6IgR__HBTKJZnGk,Wendy's,https://locations.wendys.com/united-states/fl/crystal-river/144-se-hwy-19?utm_source=Yext&utm_medium=Google_My_Business&utm_campaign=Local_Search,"144 SE US Hwy 19, Crystal River, FL 34429, USA",(352) 795-1330,
ChIJ18_xu7VB6IgRND2RDa9W0vs,Sonic Drive-In,http://www.sonicdrivein.com/locations/us/fl/crystal-river/310-se-kings-bay-drive/store-6928?utm_source=google-my-business&utm_medium=organic&utm_campaign=website-link&y_source=1_MjAzNDEwMzQwMC03MTUtbG9jYXRpb24ud2Vic2l0ZQ%3D%3D,"310 SE Kings Bay Dr, Crystal River, FL 34429, USA",(352) 364-9335,
ChIJfQQOQDNB6IgRHBPGUKFnaiU,Crystal River KOA Journey,https://koa.com/campgrounds/crystal-river/?utm_source=google&utm_medium=organic&utm_campaign=gbp,"2680 N Turkey Oak Dr, Crystal River, FL 34428, USA",(888) 562-0743,
ChIJfY_ZtrFB6IgRfwW-ksWQzXQ,Retreat at Crystal Manatee,http://www.crystalmanatee.com/,"310 N Citrus Ave, Crystal River, FL 34428, USA",(352) 586-1813,
ChIJTbCzlA1A6IgR1AvdoxyQzsY,McDonald's,https://www.mcdonalds.com/us/en-us/location/FL/CRYSTAL-RIVER/625-NE-US-HIGHWAY-19/4030.html?cid=RF:YXT:GMB::Clicks,"625 NE US Hwy 19, Crystal River, FL 34429, USA",(352) 564-0533,
ChIJ_1GRZjVB6IgRJkrUclFm4ik,Wawa,https://www.wawa.com/locations/5300?utm_source=gmblisting&utm_medium=organic&utm_campaign=locallisting,"505 SE US Hwy 19, Crystal River, FL 34429, USA",(352) 502-4480,
ChIJP7JzEa9B6IgRuECsU71-p-0,UturnFlorida,,"550 N Citrus Ave, Crystal River, FL 34428, USA",,
ChIJj_2lzkhA6IgRnVQKkA3Gwms,Plantation Inn & Golf Resort,https://www.plantationoncrystalriver.com/,"9301 W Fort Island Trail, Crystal River, FL 34429, USA",(352) 795-4211,
ChIJ8TKsr7BB6IgRxoj8GIvKJHI,Subway,https://restaurants.subway.com/united-states/fl/crystal-river/707-ne-us-highway-19?utm_source=yxt-goog&utm_medium=local&utm_term=acq&utm_content=854&utm_campaign=evergreen-2020&y_source=1_MTQ5MTAyOTctNzE1LWxvY2F0aW9uLndlYnNpdGU%3D,"707 NE US Hwy 19, Crystal River, FL 34429, USA",(352) 795-2416,
ChIJQaKZeGOf54gRC8QGLqWd1GI,Breakfast Barn Country Kitchen,https://sites.google.com/view/breakfastbarn/menu,"2651 N Orange Blossom Trail, Zellwood, FL 32798, USA",(407) 814-3552,
ChIJHe71RHnB54gRl91ta9Ug_80,Breakfast at Tiffany’s Leesburg,http://breakfastattiffanysfl.com/,"112 S 5th St, Leesburg, FL 34748, USA",(352) 901-7827,
ChIJPcJWTcDD54gRlAITxKTNSUE,The Toasted Yolk Cafe,https://thetoastedyolk.com/locations/the-villages-fl/,"657 Kristine Way, The Villages, FL 32163, USA",(352) 987-9653,
ChIJ80andW3rwogR1egivuxfT8Q,TOAST citrus park,http://www.facebook.com/toastcitruspark,"8552 Gunn Hwy, Odessa, FL 33556, USA",(813) 749-0989,
ChIJPXbKRwDB54gRlGJq15qtji0,The Toast Cafe,https://www.toastcafefl.com/,"2468 US-441 Suite 101, Fruitland Park, FL 34731, USA",(352) 901-6897,
ChIJC_x_30Rr6IgRmtn6j1zIfYY,Dunkin',https://locations.dunkindonuts.com/en/fl/lecanto/782-s.-rowe-ter/346009?utm_source=google&utm_medium=local&utm_campaign=localmaps&utm_content=346009&y_source=1_MTIxMTI0MTItNzE1LWxvY2F0aW9uLndlYnNpdGU%3D,"782 S Rowe Terrace, Lecanto, FL 34461, USA",(352) 527-1607,
ChIJ4RRjFADP5YgRwp2aqHMqRuk,EggBred,https://eggbred.com/fruit-cove/,"112 Bartram Oaks Walk Building F, Unit 103, Fruit Cove, FL 32259, USA",(904) 425-5994,
ChIJmVuX2Ekn2YgRHAgERI-Z8CQ,The Owl Country Grille,https://theowlcountrygrillebb.com/?utm_source=google,"4953 Le Chalet Blvd Suite number 5, Boynton Beach, FL 33436, USA",(561) 806-6398,
ChIJHf7-H7HSwogRJAUkO4AFp3I,Brunchery Restaurant,https://www.mybrunchery.com/,"4389 Lynx Paw Trail, Valrico, FL 33596, USA",(813) 654-9036,
ChIJlUaOEIVr6IgRWKi_8kqA0Lw,Subway,https://restaurants.subway.com/united-states/fl/lecanto/1936-lecanto-highway?utm_source=yxt-goog&utm_medium=local&utm_term=acq&utm_content=57136&utm_campaign=evergreen-2020&y_source=1_MTQ5MDU1NjMtNzE1LWxvY2F0aW9uLndlYnNpdGU%3D,"1936 N Lecanto Hwy, Lecanto, FL 34461, USA",(352) 527-0191,
ChIJJepmSOBGw4gROs9RGAP3fF0,Eggstraordinary Cafe,https://eggstraordinarycafe.com/,"3981 Cattlemen Rd, Sarasota, FL 34233, USA",(941) 321-7566,
ChIJ5WkgAUnDwogRw6a5L6_ZyQI,Brunchery Restaurant and Catering,https://www.brunchery.com/,"3225 S MacDill Ave, Tampa, FL 33629, USA",(813) 831-4694,
ChIJ78hQpYpDkYgRFbgEgw1JOUA,Crackings. - Destin,https://www.crackingsfl.com/,"979 US-98, Destin, FL 32541, USA",(850) 650-0499,
ChIJj4RNxAhs6IgRykV6m712z_0,Park Plaza,,"Beverly Hills, FL 34465, USA",,
ChIJV2Zc7SUV6IgR7cfKTcVMWxg,Homosassa Country Store,,"5511 W Homosassa Trail, Lecanto, FL 34461, USA",(352) 628-2800,
ChIJP1FwmmVr6IgRa7hljdr0CPc,Compass Rose of Lecanto,https://lecantoseniors.com/,"279 N Lecanto Hwy, Lecanto, FL 34461, USA",(352) 527-9720,
ChIJ11hsiYXEwogRjDBv39F04J8,Oxford Exchange,http://oxfordexchange.com/,"420 W Kennedy Blvd, Tampa, FL 33606, USA",(813) 253-0222,
ChIJlzXmjXM_6IgRlbgedovPueo,"Nana's Place of Homosassa, Blue Cottage",http://nanasplaces.com/,"5151 S Palo Verde Point, Homosassa, FL 34448, USA",(513) 203-3304,
ChIJ83IVAsU_6IgRLexZKaBEO5I,Blue Moon B&B Vacation Rental,,"10137 W Fishbowl Dr, Homosassa, FL 34448, USA",(352) 509-0608,
ChIJ___PSTQ-6IgRrzCCTqlfZds,First United Methodist Church of Homosassa,http://1umc.org/contact,"8831 W Bradshaw St, Homosassa, FL 34448, USA",(352) 628-4083,
ChIJpUlvcwE_6IgRgfjvPDUPXqY,Nature's Resort Campground,https://naturesresortfla.com/,"10359 W Halls River Rd, Homosassa, FL 34448, USA",(352) 628-9544,
ChIJ5ZMzGU803YgRBj-3uxYbUZg,Anna's Restaurant,https://www.facebook.com/profile.php?id=100063464653506,"3410 W Baker St, Plant City, FL 33563, USA",(813) 754-6215,
ChIJKefzo9fJwogRVG1-hI6vxcQ,Cozy Coffee Restaurant & Bar,http://www.cozycoffeecafe.com/,"13308 Telecom Dr, Temple Terrace, FL 33637, USA",(813) 373-5207,
ChIJpydebcQ_6IgRoXujteAESOQ,Bell Villa Motel,,"3430 S Suncoast Blvd, Homosassa, FL 34448, USA",(352) 398-5328,
ChIJt424Hs8_6IgRZSgHNvR_WR4,Springs Plaza,http://rgpropertygroup.com/,"3928 S Suncoast Blvd, Homosassa, FL 34448, USA",(305) 207-8080,
ChIJY3HICwC7woARvATmOwA9JEo,THE BVRLY,http://www.thebvrly.com/,"200 S Beverly Dr, Beverly Hills, CA 90212, USA",(424) 777-0033,
ChIJd-dliDqgwogRLjbc9WqMLYI,Breakfast Club of Seven Hills,https://m.facebook.com/breakfastclubsevenhills,"148 Mariner Blvd, Spring Hill, FL 34609, USA",(352) 666-1008,
ChIJNXl_b0y5woAR11wkgbY8lfw,MOOD.,https://order.toasttab.com/online/mood,"8201 W 3rd St, Los Angeles, CA 90048, USA",(323) 879-9341,
ChIJ9YTDSfm7woARlm2IkOb_ldI,Chaumont Bakery & Café,http://www.chaumontbakery.com/,"143 S Beverly Dr, Beverly Hills, CA 90212, USA",(310) 550-5510,
ChIJy6BKexO8woARv8X4-2kPWIA,Fountain Coffee Room,https://www.dorchestercollection.com/los-angeles/the-beverly-hills-hotel/dining/the-fountain-coffee-room?utm_source=google&utm_medium=bhh_local_profile&utm_campaign=fountain_coffee_room&utm_content=beverly_hills_dining,"9641 Sunset Blvd, Beverly Hills, CA 90210, USA",(310) 276-2251,
ChIJNx11Bfi7woARGtnTuVJOjqM,Brighton Coffee Shop,,"9600 Brighton Way, Beverly Hills, CA 90210, USA",(310) 276-7732,
ChIJHXTBm0a_woARUZgftkJvAKU,Blue Daisy Melrose,http://www.bluedaisycafe.com/,"7950 Melrose Ave, Los Angeles, CA 90046, USA",(323) 424-3055,
ChIJsRnPrau7woARUwLL6GU818o,Best Damn Breakfast Burrito,https://www.bestdamnbreakfastburrito.com/,"9911 S Santa Monica Blvd, Beverly Hills, CA 90212, USA",(310) 772-0795,
ChIJnUilDse-woARTmSpJMgnSW4,Continental Kitchen,https://continentalkitchen.com/,"8300 Wilshire Blvd, Beverly Hills, CA 90211, USA",(323) 433-4131,
ChIJiUeFMbu5woARQ6LJeMKALyU,Lodge Bread Company Beverly Hills,https://www.lodgebread.com/,"295 S Robertson Blvd, Beverly Hills, CA 90211, USA",(424) 302-0225,
ChIJzUTJF5gW44kRmv41BJ56I7w,Stephy's Kitchen,https://www.facebook.com/StephysKitchen/,"41 Beckford St, Beverly, MA 01915, USA",(978) 921-6393,
ChIJ9_0oviAU44kRqG9GRhY_eAQ,What's Brewin Cafe,http://whatsbrewincafe198.com/,"198 Cabot St, Beverly, MA 01915, USA",(978) 998-6889,
ChIJFamGFtwd6IgRV4P4q6s3Grw,Prime 88,https://www.prime88steakhouse.com/,"15407 Cortez Blvd, Brooksville, FL 34613, USA",(352) 593-4354,
ChIJf6I6d_LB54gRatzrOVBTOeo,Ski Beach Bar and Grill,https://skibeachleesburg.com/?utm_source=google,"21 Dozier Cir, Leesburg, FL 34748, USA",(352) 973-0793,
ChIJ_8s6c13D54gRzWje_t6Tq4Y,Wolfgang Puck Kitchen + Bar,https://www.brownwoodhotelandspa.com/dining/wolfgang-puck-kitchen-bar,"3003 Brownwood Blvd, The Villages, FL 32163, USA",(352) 626-1500,
ChIJ9dWgvKkR54gRL9uuQBc2VWc,The Salted Goat,https://www.saltedgoat.com/,"2 S Charles Richard Beall Blvd, DeBary, FL 32713, USA",(386) 320-0217,
ChIJDesd8HFr6IgR0bjogQcq3H0,Life Care Center of Citrus County,https://lcca.com/locations/fl/citrus-county/,"3325 W Jerwayne Ln, Lecanto, FL 34461, USA",(352) 746-4434,
ChIJAcTyzsdr6IgR7wePLtNNi-o,HONG KONG Chinese Restaurant,,"6744 W Gulf to Lake Hwy, Crystal River, FL 34429, USA",(352) 563-5315,
ChIJI98FFhJA6IgRwB-d1MXlnGw,Pizza Hut,https://locations.pizzahut.com/fl/homosassa-springs/4845-suncoast-blvd?utm_medium=organic&utm_source=local&utm_campaign=googlelistings&utm_content=website&utm_term=286248,"4845 S Suncoast Blvd, Homosassa Springs, FL 34447, USA",(352) 628-1234,
ChIJ27FZ6zm7woAR6YoHNkISc_E,Matu,http://matusteak.com/,"239 S Beverly Dr Suite 100, Beverly Hills, CA 90212, USA",(424) 317-5031,
ChIJW_du2f67woAR7ftXN3yTlWU,Spago,https://wolfgangpuck.com/dining/spago/,"176 N Canon Dr, Beverly Hills, CA 90210, USA",(310) 385-0880,
ChIJpX3FuVS5woAR9UWSsD95z4Y,Il Cielo,https://www.ilcielo.com/,"9018 Burton Wy, Beverly Hills, CA 90211, USA",(310) 276-9990,
ChIJaRv9Svm7woARYl4VluXJDrY,South Beverly Grill,http://www.southbeverlygrill.com/,"122 S Beverly Dr, Beverly Hills, CA 90212, USA",(310) 550-0242,
ChIJeciEAPa7woARGWSHcr-HLHc,Jean-Georges Beverly Hills,https://www.waldorfastoriabeverlyhills.com/dining/jean-georges/?SEO_id=GMB--1-R-LAXWAWA-1&y_source=1_MTU0MDUyNjEtNzE1LWxvY2F0aW9uLndlYnNpdGU%3D,"9850 Wilshire Blvd, Beverly Hills, CA 90210, USA",,
ChIJFxO1RPi7woARRLbUqnpLm5s,Ocean Prime,https://www.ocean-prime.com/locations/beverly-hills,"9595 Wilshire Blvd, Beverly Hills, CA 90212, USA",(310) 859-4818,
ChIJFW28mVG5woARU_phmHUBxdc,Tagine Beverly Hills,http://www.taginebeverlyhills.com/,"132 N Robertson Blvd, Beverly Hills, CA 90211, USA",(310) 360-7535,
ChIJ8a32Vai-woARLMGNNg7VfoQ,Café Amici Beverly Hills,https://www.cafeamicibeverlyhills.com/,"469 N Doheny Dr, Beverly Hills, CA 90210, USA",(310) 858-0271,
ChIJ_VVNSE-5woARLk2mc4NhT2w,Spice Affair Indian Restaurant,http://www.spice-affair.com/,"50 N La Cienega Blvd #120, Beverly Hills, CA 90211, USA",(310) 400-6800,
ChIJUwtmY47B5ogRLvDvS_bFdFM,Next Door Beach Bistro,https://nextdoorbeachbistro.com/,"509 N Ocean Shore Blvd, Flagler Beach, FL 32136, USA",(386) 338-3506,
ChIJcwJitfi7woARO4Dd20lT_WA,The Penthouse at Mastro's,https://www.mastrosrestaurants.com/location/beverly-hills-penthouse/,"246 N Canon Dr Floor 3, Beverly Hills, CA 90210, USA",(310) 888-8782,
ChIJE9sbEfbA5ogRXLft-3Kt3J4,Oceanside Beach Bar & Grill,https://oceansidebeachgrill.com/,"1848 S Ocean Shore Blvd, Flagler Beach, FL 32136, USA",(386) 439-6345,
ChIJD08cuPG7woARFzsCfKKTt9Y,Cipriani Beverly Hills,https://www.cipriani.com/cipriani-beverly-hills?utm_source=gbp&utm_medium=organic&utm_campaign=gbp-beverly-hills,"362 N Camden Dr, Beverly Hills, CA 90210, USA",(310) 866-5060,
ChIJ11iinA25woARSMebwfeg6aY,Kazan Beverly Hills,https://kazanbeverlyhills.com/,"111 N La Cienega Blvd, Beverly Hills, CA 90211, USA",(424) 512-9101,
ChIJva5R6pK_5ogRA3eHOg4cS5Y,Turtle Shack Cafe,https://turtleshackfb.com/,"101 Palm Harbor Pkwy, Palm Coast, FL 32137, USA",(386) 693-4851,
ChIJL-eDOEFs6IgR9j0CHs1ZOvE,The Summit of Citrus Hills,https://www.thesummitofcitrushills.com/,"850 W Norvell Bryant Hwy, Hernando, FL 34442, USA",(352) 645-3730,
ChIJkykloQRs6IgR6Snv_mmBHLc,Papa Johns Pizza,https://locations.papajohns.com/united-states/fl/34465/beverley-hills/4005-north-lecanto-hwy?utm_source=gmb&utm_medium=organic&y_source=1_MTA2OTE1MDYtNzE1LWxvY2F0aW9uLndlYnNpdGU%3D,"4005 N Lecanto Hwy, Beverly Hills, FL 34465, USA",(352) 513-4848,
ChIJ2Y3wLgBv6IgRN5uGCycVLOY,La Mexicana Mexican Food Catering and Event Service,https://www.lamexicanafoodtruck.com/,"Citrus Springs, FL 34434, USA",(321) 464-7260,
ChIJ0aVRfwe8woARLc7knRDvHas,The Cheesecake Factory,https://locations.thecheesecakefactory.com/ca/beverly-hills-1.html?utm_source=Google&utm_medium=Maps&utm_campaign=Google+Places,"364 N Beverly Dr, Beverly Hills, CA 90210, USA",(310) 278-7270,
ChIJn4_KIP5t6IgRx2Bvmw5a_qI,Manila-House,,"4023 N Lecanto Hwy, Beverly Hills, FL 34465, USA",(352) 513-4067,
ChIJw4ER4Am8woAR9gdE_QUzg5A,Tempura Endo,http://www.beverlyhills-endo.com/,"9777 Santa Monica Blvd, Beverly Hills, CA 90210, USA",(310) 708-0224,